Branch,College_Tier,Attendance,CGPA,Backlogs,Coding_Skills,DSA_Score,Aptitude_Score,Communication_Score,Internships_Count,Projects_Count,Certifications_Count,Mock_Interview_Score,Placement_Probability,Placement_Status
ECE,Tier 2,73,9.84,0,79,86,83,59,3,2,9,64,95.62,Placed
EEE,Tier 1,70,6.42,1,62,98,54,48,3,4,5,91,37.24,Not Placed
IT,Tier 2,77,7.85,3,42,98,73,56,3,5,9,83,51.43,Not Placed
EEE,Tier 2,71,6.79,0,79,70,85,66,0,1,8,100,46.02,Not Placed
EEE,Tier 3,82,9.07,4,89,43,84,86,1,7,0,41,74.22,Placed
AIML,Tier 2,71,8.1,5,49,76,43,41,3,6,3,81,27.37,Not Placed
IT,Tier 3,72,8.36,1,64,56,53,75,0,3,0,40,55.78,Not Placed
IT,Tier 2,84,9.09,5,91,78,53,58,0,1,0,75,48.1,Not Placed
IT,Tier 2,78,7.28,5,88,87,55,56,0,5,7,96,23.5,Not Placed
EEE,Tier 2,95,9.62,0,47,85,46,44,1,7,1,51,86.4,Placed
ECE,Tier 3,67,7.9,1,94,65,71,78,0,5,0,48,70.64,Placed
IT,Tier 3,88,6.21,1,50,87,58,57,1,5,7,75,23.88,Not Placed
MECH,Tier 1,91,8.63,2,100,78,41,92,2,7,3,80,83.99,Placed
EEE,Tier 3,77,9.07,5,44,80,49,93,0,5,2,67,43.14,Not Placed
AIML,Tier 3,65,6.93,1,97,43,89,98,3,2,3,77,61.93,Placed
ECE,Tier 3,77,9.36,2,84,69,100,46,0,3,4,72,82.83,Placed
MECH,Tier 3,78,9.58,3,92,69,56,56,2,6,0,81,84.21,Placed
MECH,Tier 1,81,6.75,2,94,61,76,78,2,5,0,100,48.31,Not Placed
AIML,Tier 3,96,9.93,4,76,50,51,75,0,5,2,85,69.15,Placed
ECE,Tier 2,91,6.13,0,95,41,45,79,2,4,5,61,35.13,Not Placed
EEE,Tier 2,100,6.41,3,98,83,61,84,1,3,0,64,30.71,Not Placed
CSE,Tier 3,62,6.33,3,84,51,71,43,1,1,1,100,13.05,Not Placed
ECE,Tier 3,87,9.52,4,77,69,80,77,0,3,6,57,71.75,Placed
AIML,Tier 2,69,8.44,2,68,75,59,64,1,3,0,45,60.34,Placed
MECH,Tier 2,94,6.18,0,44,57,40,44,1,7,6,57,18.35,Not Placed
EEE,Tier 1,88,7.48,2,48,65,93,69,3,7,3,91,57.32,Not Placed
ECE,Tier 2,74,8.27,1,98,92,86,51,0,7,9,55,84.81,Placed
CSE,Tier 2,92,5.88,2,87,46,92,43,2,6,5,54,24.88,Not Placed
CSE,Tier 3,66,9.47,3,41,100,97,63,0,3,7,87,75.16,Placed
IT,Tier 2,71,9.12,0,40,40,45,68,1,6,8,47,70.21,Placed
IT,Tier 1,89,7.77,2,79,97,58,48,3,5,5,52,66.24,Placed
AIML,Tier 2,80,9.85,0,99,65,57,43,0,7,8,94,93.21,Placed
ECE,Tier 3,90,7.38,0,90,62,45,90,0,5,3,82,61.04,Placed
ECE,Tier 3,83,9.93,1,69,65,84,63,1,7,5,99,92.58,Placed
MECH,Tier 2,79,8.51,1,50,84,72,53,1,2,7,100,64.83,Placed
MECH,Tier 3,96,8.36,3,67,45,62,44,0,6,8,96,39.71,Not Placed
MECH,Tier 1,63,6.25,4,83,45,62,57,1,6,2,46,12.26,Not Placed
IT,Tier 1,87,9.47,0,51,83,65,81,1,1,1,56,85.95,Placed
ECE,Tier 2,79,7.42,4,78,47,52,96,1,4,5,89,26.55,Not Placed
ECE,Tier 2,83,6.23,3,65,63,46,58,1,3,3,71,10.27,Not Placed
CSE,Tier 2,91,5.56,0,52,61,54,51,1,1,0,61,10.98,Not Placed
IT,Tier 3,100,8.02,0,98,58,83,57,3,6,7,94,86.4,Placed
EEE,Tier 1,95,7.87,5,47,76,66,56,1,1,8,90,17.67,Not Placed
IT,Tier 1,93,8.74,4,100,57,65,69,2,2,8,96,62.52,Placed
EEE,Tier 3,95,9.51,2,100,70,72,63,0,4,1,52,86.45,Placed
CSE,Tier 1,61,5.86,1,93,76,54,50,3,6,8,86,36.27,Not Placed
AIML,Tier 2,74,8.79,2,67,69,75,74,3,6,6,62,81.55,Placed
ECE,Tier 2,93,6.34,4,97,96,84,62,1,3,4,93,27.78,Not Placed
CSE,Tier 2,95,9.36,1,69,81,94,56,0,7,6,68,89.56,Placed
ECE,Tier 1,65,9.19,2,48,72,66,40,2,4,8,61,69.24,Placed
MECH,Tier 2,98,7.93,5,78,49,96,54,1,2,7,40,29.57,Not Placed
AIML,Tier 3,71,8.7,1,70,76,44,71,0,5,5,68,70.82,Placed
AIML,Tier 3,62,6.91,0,97,51,100,99,1,1,3,87,65.3,Placed
CSE,Tier 1,77,7.62,2,60,93,41,48,1,3,0,44,37.05,Not Placed
AIML,Tier 3,99,9.2,1,95,69,94,54,1,6,5,97,91.42,Placed
EEE,Tier 3,80,7.57,5,86,66,97,67,1,5,2,74,38.91,Not Placed
AIML,Tier 1,74,7.11,1,73,78,72,63,1,2,5,94,45.92,Not Placed
ECE,Tier 2,92,7.72,1,94,48,55,99,1,4,5,49,63.97,Placed
ECE,Tier 2,94,9.23,5,70,93,62,100,1,1,3,58,62.42,Placed
ECE,Tier 2,85,7.01,2,91,60,77,74,2,3,1,76,47.48,Not Placed
ECE,Tier 1,67,6.28,3,64,51,94,61,3,6,8,46,25.27,Not Placed
EEE,Tier 3,95,8.7,2,51,94,55,66,2,6,1,85,72.59,Placed
IT,Tier 2,89,9.22,4,40,68,53,58,1,5,2,74,47.27,Not Placed
MECH,Tier 2,82,5.95,5,94,72,68,84,1,5,9,84,14.02,Not Placed
CSE,Tier 1,73,6.58,2,61,82,65,51,2,1,0,52,23.28,Not Placed
ECE,Tier 2,73,6.14,1,79,92,74,59,2,4,6,49,40.81,Not Placed
AIML,Tier 1,61,7.07,5,76,54,54,40,3,2,0,41,13.43,Not Placed
ECE,Tier 3,96,7.53,0,86,41,42,60,2,7,8,45,61.24,Placed
AIML,Tier 1,64,8.87,2,40,91,62,88,3,4,0,47,76.24,Placed
MECH,Tier 1,97,8.43,5,40,78,68,84,1,4,4,75,34.18,Not Placed
MECH,Tier 1,100,8.29,2,96,92,73,40,0,4,6,64,70.38,Placed
MECH,Tier 1,73,7.09,5,81,83,72,49,0,7,2,83,23.43,Not Placed
AIML,Tier 3,98,9.29,1,93,93,80,86,0,1,8,99,90.16,Placed
ECE,Tier 3,84,7.62,0,81,57,80,98,0,7,7,86,75.16,Placed
MECH,Tier 2,79,9.91,0,60,42,62,98,1,1,2,79,87.21,Placed
EEE,Tier 3,61,8.35,4,54,46,46,71,0,7,4,46,29.83,Not Placed
AIML,Tier 3,98,6.07,5,56,82,42,78,2,2,6,85,6.42,Not Placed
AIML,Tier 2,65,8.54,2,61,57,97,99,2,4,3,62,76.46,Placed
ECE,Tier 3,76,6.96,0,77,83,71,61,0,1,4,58,47.37,Not Placed
AIML,Tier 1,84,8.59,0,74,77,70,57,2,7,2,85,87.17,Placed
AIML,Tier 1,87,5.81,3,84,76,57,87,3,2,8,61,19.63,Not Placed
MECH,Tier 2,61,6.29,3,55,97,82,85,1,7,9,52,29.92,Not Placed
ECE,Tier 2,94,9.35,0,47,72,46,71,0,6,8,100,80.79,Placed
MECH,Tier 2,96,6.52,5,86,83,80,66,0,2,6,60,14.79,Not Placed
MECH,Tier 1,64,9.27,4,56,98,40,67,1,4,9,40,59.94,Not Placed
ECE,Tier 3,60,6.76,0,56,70,100,57,2,3,1,98,51.12,Not Placed
CSE,Tier 1,99,8.39,1,93,97,53,98,1,4,6,58,84.49,Placed
MECH,Tier 2,71,8.62,2,65,50,91,78,1,3,6,100,67.35,Placed
EEE,Tier 3,95,7.81,4,52,43,71,88,2,2,4,99,26.79,Not Placed
EEE,Tier 3,82,6.87,1,56,98,45,68,1,6,8,72,41.11,Not Placed
AIML,Tier 1,90,6.46,4,77,57,78,57,2,6,2,43,20.16,Not Placed
EEE,Tier 2,70,5.65,1,56,43,49,83,2,1,3,81,10.54,Not Placed
AIML,Tier 1,69,6.87,2,87,88,46,47,1,6,0,42,38.61,Not Placed
CSE,Tier 3,62,8.44,2,53,73,65,93,3,5,5,66,72.34,Placed
ECE,Tier 1,73,9.72,3,84,68,73,70,2,2,3,91,83.76,Placed
ECE,Tier 1,75,9.42,5,45,63,69,73,1,1,0,80,43.45,Not Placed
ECE,Tier 2,69,8.95,1,74,61,75,46,2,6,1,74,82.78,Placed
EEE,Tier 2,88,9.05,3,85,41,60,75,3,2,2,67,69.15,Placed
CSE,Tier 3,69,8.49,1,53,83,99,57,3,4,8,45,81.8,Placed
EEE,Tier 1,71,6.67,3,86,45,56,99,0,6,7,45,24.49,Not Placed
EEE,Tier 1,89,9.58,2,47,81,72,77,2,7,6,94,86.6,Placed
CSE,Tier 1,100,8.52,4,100,64,49,98,2,3,3,96,63.2,Placed
CSE,Tier 3,60,8.02,3,54,94,90,48,1,2,0,83,47.79,Not Placed
CSE,Tier 3,64,6.0,1,93,96,86,98,2,1,7,62,50.5,Not Placed
CSE,Tier 2,79,7.51,1,100,60,81,48,0,4,3,72,59.44,Not Placed
ECE,Tier 2,67,7.57,5,66,94,90,85,3,5,2,55,49.04,Not Placed
IT,Tier 2,71,9.39,2,52,98,51,47,3,4,8,63,80.33,Placed
IT,Tier 1,60,7.96,1,88,55,95,90,0,6,9,44,76.61,Placed
CSE,Tier 1,79,7.21,0,70,70,55,74,2,3,3,80,55.78,Not Placed
IT,Tier 2,87,9.9,4,92,53,80,57,2,4,3,81,82.48,Placed
IT,Tier 1,96,6.0,3,95,78,71,44,0,5,8,52,18.6,Not Placed
CSE,Tier 2,96,7.4,5,74,67,54,53,1,7,1,86,21.97,Not Placed
IT,Tier 3,71,5.69,4,99,71,66,67,3,1,4,51,14.27,Not Placed
EEE,Tier 2,96,8.83,2,45,67,67,69,0,2,3,44,53.82,Not Placed
AIML,Tier 3,87,9.63,5,44,90,56,43,0,3,8,76,45.51,Not Placed
AIML,Tier 1,74,6.76,3,61,94,85,78,2,5,4,70,39.71,Not Placed
CSE,Tier 2,65,9.36,3,97,88,98,59,3,6,8,67,92.61,Placed
ECE,Tier 1,79,6.81,0,88,48,89,64,2,6,8,67,62.61,Placed
CSE,Tier 3,73,9.6,2,62,97,97,67,0,6,1,69,89.52,Placed
ECE,Tier 3,61,8.89,5,64,84,41,51,1,3,8,57,37.93,Not Placed
AIML,Tier 3,68,9.12,5,73,61,75,41,3,4,2,83,57.93,Not Placed
CSE,Tier 1,96,5.58,1,65,71,89,82,0,3,3,66,20.23,Not Placed
MECH,Tier 1,79,9.83,0,86,44,46,53,0,6,0,74,87.94,Placed
EEE,Tier 1,85,8.77,0,44,62,52,61,1,7,0,65,73.49,Placed
IT,Tier 1,88,6.87,5,65,44,54,70,0,5,0,96,8.8,Not Placed
ECE,Tier 3,60,9.23,5,59,81,64,62,0,2,8,78,44.99,Not Placed
MECH,Tier 3,94,6.77,4,45,92,62,87,3,2,7,88,20.91,Not Placed
IT,Tier 2,65,9.43,4,45,71,99,59,3,3,4,90,71.84,Placed
IT,Tier 2,96,6.01,4,98,98,61,100,3,6,4,99,35.98,Not Placed
CSE,Tier 1,64,8.67,0,89,49,65,77,2,1,8,57,81.55,Placed
IT,Tier 3,92,7.93,1,57,98,72,94,1,7,2,72,76.46,Placed
EEE,Tier 3,73,5.93,3,43,78,50,43,3,3,2,64,8.8,Not Placed
MECH,Tier 3,71,6.59,4,56,97,49,54,2,6,6,95,18.17,Not Placed
IT,Tier 2,79,5.56,1,96,54,64,63,2,4,8,70,24.26,Not Placed
CSE,Tier 2,83,7.61,2,53,46,76,64,1,2,5,76,31.97,Not Placed
EEE,Tier 3,93,6.86,4,53,68,87,40,1,2,1,98,13.77,Not Placed
AIML,Tier 3,84,8.19,3,52,98,82,46,0,7,0,99,55.06,Not Placed
MECH,Tier 3,88,6.84,2,46,86,92,96,2,2,1,41,40.61,Not Placed
IT,Tier 2,98,6.85,2,83,42,77,70,3,1,0,72,34.84,Not Placed
CSE,Tier 3,90,8.84,3,94,58,80,51,1,6,9,78,73.98,Placed
AIML,Tier 3,82,5.72,4,54,49,84,81,2,6,9,100,9.97,Not Placed
AIML,Tier 1,97,9.56,0,58,67,63,44,3,7,8,82,90.91,Placed
ECE,Tier 1,79,9.34,3,82,68,79,83,2,6,9,82,85.9,Placed
EEE,Tier 2,82,8.51,3,86,54,85,89,1,7,7,71,74.06,Placed
IT,Tier 3,75,8.17,3,83,74,95,81,0,6,6,57,68.44,Placed
CSE,Tier 3,67,9.52,2,74,45,72,77,2,1,2,56,78.85,Placed
ECE,Tier 1,80,6.33,1,56,51,56,99,3,5,7,73,32.06,Not Placed
EEE,Tier 2,60,5.86,0,74,86,63,51,1,3,1,78,29.23,Not Placed
ECE,Tier 1,67,6.58,4,58,77,76,78,0,3,1,46,14.48,Not Placed
MECH,Tier 1,88,9.08,4,59,52,96,57,3,6,9,81,69.77,Placed
EEE,Tier 1,91,5.66,1,75,68,41,41,3,4,2,93,17.74,Not Placed
EEE,Tier 1,97,8.12,3,74,58,71,49,3,2,6,92,49.56,Not Placed
IT,Tier 3,64,9.98,0,71,42,96,54,2,1,0,74,91.58,Placed
EEE,Tier 3,81,9.35,4,97,47,99,69,1,4,7,69,78.07,Placed
ECE,Tier 1,93,7.85,5,87,47,63,83,3,4,6,51,38.22,Not Placed
EEE,Tier 2,60,5.79,4,83,94,48,97,2,6,3,74,19.57,Not Placed
IT,Tier 2,85,9.24,3,79,97,43,56,1,1,4,50,68.53,Placed
IT,Tier 2,69,8.2,5,63,59,56,43,1,3,9,100,21.82,Not Placed
MECH,Tier 2,89,6.02,1,100,86,56,46,2,2,0,83,33.25,Not Placed
ECE,Tier 1,77,5.92,0,100,43,92,80,2,3,3,96,45.82,Not Placed
AIML,Tier 3,76,9.59,1,56,90,89,70,3,4,0,43,92.69,Placed
AIML,Tier 2,85,8.51,1,46,60,87,90,1,2,0,64,67.71,Placed
EEE,Tier 1,67,9.23,0,82,42,69,99,0,5,9,87,87.89,Placed
MECH,Tier 2,99,9.46,0,89,84,79,98,2,4,0,71,96.02,Placed
CSE,Tier 2,71,8.07,4,40,47,97,94,1,3,6,59,34.37,Not Placed
EEE,Tier 1,86,7.83,4,74,62,50,78,1,3,6,89,30.71,Not Placed
MECH,Tier 3,67,7.44,0,71,55,60,94,3,6,3,70,71.07,Placed
ECE,Tier 3,84,6.93,5,75,52,60,73,0,3,1,43,11.02,Not Placed
ECE,Tier 1,63,7.46,2,52,42,57,45,3,1,2,93,25.11,Not Placed
ECE,Tier 3,92,8.98,4,45,87,94,89,0,4,7,77,63.0,Placed
ECE,Tier 1,60,8.21,2,97,48,68,77,0,7,7,92,68.17,Placed
ECE,Tier 1,78,9.52,5,53,99,63,84,2,7,5,86,74.77,Placed
MECH,Tier 1,90,7.5,0,76,53,49,97,1,2,9,40,55.68,Not Placed
MECH,Tier 3,75,8.23,5,87,52,84,90,1,3,8,42,45.09,Not Placed
IT,Tier 1,73,8.34,4,54,92,56,73,1,6,8,76,48.41,Not Placed
AIML,Tier 2,64,8.16,1,86,96,57,83,0,6,3,61,78.57,Placed
ECE,Tier 3,100,8.66,0,43,46,81,54,1,3,0,56,66.43,Placed
CSE,Tier 3,85,6.57,3,79,54,87,53,2,1,0,53,21.54,Not Placed
MECH,Tier 3,87,7.81,2,98,46,59,45,0,6,9,80,48.93,Not Placed
CSE,Tier 3,61,5.97,5,55,77,76,89,0,7,4,74,9.6,Not Placed
CSE,Tier 2,65,7.23,0,67,73,84,76,0,2,1,97,54.96,Not Placed
CSE,Tier 3,68,7.69,5,55,80,57,89,0,4,5,52,22.11,Not Placed
IT,Tier 3,92,8.44,0,43,61,56,71,2,5,6,74,70.04,Placed
MECH,Tier 1,100,9.78,4,84,63,48,42,1,1,0,82,62.22,Placed
CSE,Tier 3,84,8.2,4,65,88,53,42,2,6,5,41,45.61,Not Placed
ECE,Tier 2,72,8.85,4,67,76,88,61,1,4,7,95,62.52,Placed
EEE,Tier 2,68,7.78,5,71,83,68,61,2,5,4,86,36.37,Not Placed
CSE,Tier 2,72,8.35,3,84,40,70,49,3,3,6,52,54.65,Not Placed
IT,Tier 2,90,5.82,4,41,49,43,90,3,3,9,90,5.44,Not Placed
MECH,Tier 3,100,6.64,0,70,82,57,42,3,2,5,93,43.76,Not Placed
IT,Tier 3,70,7.13,4,42,55,98,100,3,5,3,55,32.42,Not Placed
CSE,Tier 2,63,7.63,1,93,85,59,51,0,3,6,57,58.54,Not Placed
MECH,Tier 2,93,5.71,4,47,47,95,68,0,3,9,46,5.19,Not Placed
EEE,Tier 3,97,6.13,5,63,95,95,87,2,7,8,84,23.2,Not Placed
CSE,Tier 2,63,6.75,3,54,88,86,56,2,6,9,75,33.07,Not Placed
IT,Tier 1,97,9.87,1,82,64,82,46,3,2,9,80,91.89,Placed
AIML,Tier 2,78,6.99,5,70,89,83,52,1,4,6,69,21.47,Not Placed
ECE,Tier 2,65,7.67,5,48,51,48,95,3,3,4,81,19.77,Not Placed
IT,Tier 1,93,6.38,5,78,64,52,41,2,7,6,80,11.44,Not Placed
MECH,Tier 1,77,8.25,0,84,56,54,43,3,1,2,46,70.82,Placed
CSE,Tier 3,72,6.76,5,41,99,66,49,2,1,1,54,10.27,Not Placed
ECE,Tier 3,100,6.43,0,47,65,54,78,3,4,4,99,35.6,Not Placed
CSE,Tier 1,82,7.82,5,46,85,67,63,1,5,3,79,25.35,Not Placed
MECH,Tier 1,78,5.52,2,95,87,76,56,3,2,4,58,26.55,Not Placed
CSE,Tier 3,70,5.53,1,83,53,94,91,1,7,7,82,33.16,Not Placed
AIML,Tier 2,60,6.49,2,90,80,58,45,1,6,3,76,33.25,Not Placed
ECE,Tier 1,83,5.67,5,78,75,65,58,2,7,8,41,10.0,Not Placed
ECE,Tier 3,66,5.99,1,81,96,91,44,1,1,6,81,32.24,Not Placed
MECH,Tier 2,84,7.02,1,100,62,65,71,0,1,9,87,43.55,Not Placed
AIML,Tier 1,80,9.11,3,96,82,64,49,0,4,6,94,74.14,Placed
IT,Tier 2,74,8.07,2,55,45,65,48,0,5,7,52,36.85,Not Placed
CSE,Tier 3,60,7.81,3,74,86,65,66,2,5,5,79,55.58,Not Placed
EEE,Tier 1,71,6.82,1,69,44,85,52,0,4,7,80,30.45,Not Placed
CSE,Tier 2,66,9.69,0,49,82,67,58,2,7,2,82,92.05,Placed
CSE,Tier 1,74,7.29,1,77,64,88,60,2,1,9,82,53.41,Not Placed
IT,Tier 2,80,5.89,3,57,57,57,63,0,7,9,94,9.0,Not Placed
CSE,Tier 3,78,8.28,2,89,52,71,77,1,7,0,97,71.92,Placed
AIML,Tier 3,88,6.01,5,44,82,92,43,3,2,5,70,8.09,Not Placed
AIML,Tier 1,84,7.05,5,92,53,42,63,2,1,0,55,13.77,Not Placed
ECE,Tier 2,92,7.78,2,68,67,41,98,0,5,8,81,45.71,Not Placed
MECH,Tier 1,91,9.43,5,78,57,72,74,2,6,1,100,70.04,Placed
EEE,Tier 1,94,7.72,5,99,98,81,42,1,7,1,95,51.22,Not Placed
CSE,Tier 2,97,8.66,3,73,99,58,43,1,1,6,83,57.42,Not Placed
CSE,Tier 2,85,9.97,2,82,96,56,96,0,7,1,96,93.0,Placed
IT,Tier 2,70,6.09,4,84,67,83,76,2,2,9,45,17.43,Not Placed
MECH,Tier 3,94,6.74,0,62,90,72,79,3,3,7,67,59.34,Not Placed
AIML,Tier 1,67,7.28,0,44,95,51,87,3,1,5,71,55.68,Not Placed
EEE,Tier 1,73,7.4,5,69,66,88,93,2,4,6,83,33.44,Not Placed
ECE,Tier 3,69,7.35,0,45,71,95,74,2,3,6,49,60.94,Placed
AIML,Tier 2,61,9.58,2,95,86,42,70,2,7,5,89,90.84,Placed
MECH,Tier 3,68,8.71,2,97,48,82,95,0,4,9,57,77.78,Placed
ECE,Tier 3,62,8.24,1,100,79,88,83,1,4,8,43,85.5,Placed
IT,Tier 3,80,6.89,1,85,71,94,64,3,4,8,48,63.39,Placed
IT,Tier 1,85,9.21,0,83,59,65,79,0,1,6,46,83.82,Placed
CSE,Tier 3,67,9.8,4,43,67,74,52,2,5,8,89,68.8,Placed
MECH,Tier 1,61,9.2,1,68,72,47,43,2,7,9,47,82.11,Placed
EEE,Tier 1,65,5.51,1,62,43,91,85,1,3,2,82,16.61,Not Placed
ECE,Tier 1,87,8.36,2,45,85,75,53,2,2,2,46,57.11,Not Placed
AIML,Tier 2,88,5.73,4,71,96,92,52,0,5,0,80,13.24,Not Placed
MECH,Tier 1,85,6.66,5,81,73,93,66,0,7,4,79,22.04,Not Placed
MECH,Tier 1,84,5.77,0,57,87,46,45,1,1,3,42,15.98,Not Placed
IT,Tier 2,71,8.22,1,54,42,85,56,0,4,1,56,52.47,Not Placed
CSE,Tier 1,64,8.59,4,79,65,85,75,3,2,8,41,64.64,Placed
CSE,Tier 3,93,6.02,4,97,47,75,79,0,7,2,54,16.27,Not Placed
ECE,Tier 3,96,7.23,0,71,45,55,88,0,3,7,85,43.45,Not Placed
IT,Tier 1,74,7.55,4,48,55,63,74,0,7,5,68,21.89,Not Placed
MECH,Tier 2,95,7.16,4,76,63,100,56,3,5,4,89,40.51,Not Placed
EEE,Tier 3,74,6.04,4,49,87,93,80,2,6,0,87,19.18,Not Placed
IT,Tier 2,82,7.39,1,59,78,40,41,0,5,3,91,33.99,Not Placed
ECE,Tier 2,65,8.88,0,45,69,88,96,1,7,2,61,87.62,Placed
ECE,Tier 3,80,5.82,4,87,84,64,52,3,2,0,43,14.33,Not Placed
IT,Tier 2,82,5.86,4,95,52,49,91,1,7,4,96,14.17,Not Placed
ECE,Tier 3,75,7.1,1,98,44,93,41,0,7,5,91,53.72,Not Placed
IT,Tier 2,74,9.74,0,42,64,55,91,1,1,1,45,83.3,Placed
AIML,Tier 3,84,8.51,2,81,59,55,67,0,3,2,77,57.52,Not Placed
IT,Tier 1,95,8.55,1,50,93,97,82,3,2,5,65,83.82,Placed
IT,Tier 3,70,7.13,0,82,57,47,98,1,7,3,50,61.53,Placed
ECE,Tier 3,74,8.17,4,56,86,68,65,1,4,8,65,41.82,Not Placed
ECE,Tier 3,63,5.55,0,71,57,78,61,0,3,4,56,18.98,Not Placed
CSE,Tier 3,80,8.36,0,43,41,67,86,0,5,3,63,61.34,Placed
CSE,Tier 2,72,9.61,5,43,49,45,82,2,2,1,67,42.84,Not Placed
AIML,Tier 1,81,8.26,0,56,94,55,94,0,5,5,74,76.39,Placed
CSE,Tier 3,78,9.43,2,80,84,59,42,0,7,9,70,82.36,Placed
IT,Tier 2,93,8.76,0,58,89,55,74,2,5,1,52,84.92,Placed
ECE,Tier 1,73,6.04,2,44,86,46,99,0,5,6,93,15.27,Not Placed
CSE,Tier 1,63,9.56,4,71,51,80,97,0,1,2,74,65.49,Placed
CSE,Tier 1,86,5.8,2,61,86,53,51,2,5,8,55,16.67,Not Placed
AIML,Tier 1,88,7.9,4,95,52,82,63,3,4,4,54,54.03,Not Placed
MECH,Tier 3,87,6.14,4,45,89,65,44,3,4,7,82,11.44,Not Placed
AIML,Tier 3,94,5.55,2,74,86,65,59,0,3,5,57,13.19,Not Placed
IT,Tier 2,67,7.4,1,61,96,53,78,0,7,9,86,55.99,Not Placed
ECE,Tier 2,75,6.83,3,40,94,46,78,2,6,7,76,24.72,Not Placed
AIML,Tier 2,95,7.69,0,59,50,72,52,2,5,2,87,59.74,Not Placed
CSE,Tier 1,89,8.1,5,61,58,65,80,3,5,2,87,38.12,Not Placed
ECE,Tier 1,77,5.7,3,87,74,96,96,1,2,4,88,22.32,Not Placed
ECE,Tier 3,61,6.05,0,94,78,84,92,0,1,9,80,44.48,Not Placed
CSE,Tier 1,72,8.01,0,50,92,59,84,1,6,2,66,74.22,Placed
AIML,Tier 1,63,7.04,4,52,65,42,51,1,3,7,94,10.66,Not Placed
CSE,Tier 1,85,8.78,0,98,85,91,52,2,6,9,74,93.77,Placed
MECH,Tier 2,84,8.44,5,81,53,43,95,0,5,7,91,35.89,Not Placed
ECE,Tier 2,89,9.31,0,42,93,100,49,0,2,1,84,85.08,Placed
EEE,Tier 3,70,8.62,2,48,84,65,72,2,7,3,93,72.92,Placed
EEE,Tier 1,66,7.43,3,99,83,50,96,1,1,9,74,46.23,Not Placed
IT,Tier 1,90,8.53,2,51,63,41,79,2,7,0,67,61.34,Placed
CSE,Tier 3,69,6.74,5,62,80,53,93,3,3,3,78,17.74,Not Placed
CSE,Tier 1,98,6.88,0,53,40,83,55,0,6,3,100,35.6,Not Placed
IT,Tier 1,72,9.05,5,72,90,69,84,3,3,9,77,69.15,Placed
IT,Tier 2,90,7.51,4,57,82,88,74,2,5,8,48,41.62,Not Placed
IT,Tier 3,66,9.09,2,88,94,51,42,0,3,2,51,74.69,Placed
ECE,Tier 3,95,9.2,2,98,61,65,95,3,7,1,54,91.51,Placed
MECH,Tier 3,79,9.36,1,80,62,83,44,3,2,8,60,87.44,Placed
CSE,Tier 3,63,9.62,0,48,95,72,65,1,3,8,91,89.63,Placed
ECE,Tier 2,66,7.44,4,62,93,52,50,0,4,0,74,22.4,Not Placed
IT,Tier 2,60,6.93,2,49,58,53,46,3,2,5,81,20.71,Not Placed
CSE,Tier 1,72,8.12,2,58,57,63,92,3,6,9,72,65.21,Placed
ECE,Tier 1,81,7.17,4,100,51,73,95,1,1,7,90,30.89,Not Placed
MECH,Tier 1,80,8.2,5,86,94,83,49,3,1,2,58,52.47,Not Placed
ECE,Tier 1,81,8.68,5,44,67,65,81,3,5,8,94,45.92,Not Placed
MECH,Tier 2,87,8.6,0,86,67,60,91,3,5,1,62,89.63,Placed
IT,Tier 3,68,7.19,1,91,99,67,73,1,4,5,52,65.77,Placed
MECH,Tier 2,85,6.25,2,62,98,87,42,3,6,0,83,38.52,Not Placed
CSE,Tier 1,68,7.44,1,69,72,75,47,3,7,6,40,65.11,Placed
IT,Tier 2,74,6.14,5,64,58,79,70,0,1,2,90,5.68,Not Placed
CSE,Tier 3,69,9.51,5,67,67,41,50,0,1,6,68,38.22,Not Placed
EEE,Tier 3,83,7.06,3,73,98,81,84,1,1,3,63,39.71,Not Placed
AIML,Tier 2,67,6.2,0,84,91,48,46,2,7,8,55,47.48,Not Placed
MECH,Tier 2,83,5.61,3,95,100,62,84,0,1,4,64,16.27,Not Placed
AIML,Tier 2,75,8.41,3,87,88,54,41,1,3,2,94,57.11,Not Placed
AIML,Tier 1,85,8.37,3,86,76,52,45,3,6,7,62,66.33,Placed
MECH,Tier 2,86,7.03,0,64,65,62,80,3,2,5,67,53.51,Not Placed
IT,Tier 2,96,5.82,0,49,74,56,71,1,2,1,86,18.41,Not Placed
EEE,Tier 2,63,7.34,4,53,73,87,59,3,4,2,55,32.88,Not Placed
CSE,Tier 3,83,6.9,1,81,74,99,96,3,3,7,82,68.44,Placed
ECE,Tier 3,78,8.55,1,96,79,41,73,2,1,9,95,77.06,Placed
CSE,Tier 1,95,8.23,4,85,55,59,89,3,1,6,77,49.66,Not Placed
ECE,Tier 1,98,7.14,4,97,77,59,55,0,5,9,50,28.97,Not Placed
CSE,Tier 3,69,6.48,5,69,52,98,64,3,5,5,42,18.29,Not Placed
MECH,Tier 3,84,9.95,3,94,62,85,51,1,4,0,54,87.17,Placed
EEE,Tier 3,77,7.54,4,80,99,42,46,2,1,8,40,29.75,Not Placed
ECE,Tier 2,78,8.6,2,64,93,94,78,3,4,2,46,84.32,Placed
IT,Tier 2,95,6.13,1,53,61,51,56,1,3,4,40,14.63,Not Placed
CSE,Tier 3,69,7.69,4,74,55,79,84,0,2,6,88,29.83,Not Placed
CSE,Tier 2,92,5.62,2,91,67,41,50,3,1,6,71,13.92,Not Placed
ECE,Tier 2,64,7.77,2,87,87,75,45,2,6,2,48,68.71,Placed
IT,Tier 1,94,9.84,2,73,74,53,100,3,7,3,68,92.75,Placed
IT,Tier 3,93,7.23,5,49,99,55,62,1,3,9,65,15.82,Not Placed
MECH,Tier 3,92,5.68,5,74,84,58,66,2,1,6,62,6.52,Not Placed
MECH,Tier 2,80,5.64,2,50,85,73,85,3,7,7,84,25.5,Not Placed
MECH,Tier 3,76,7.25,5,50,47,83,45,0,6,1,82,11.95,Not Placed
MECH,Tier 1,81,6.22,3,60,83,100,77,2,5,8,68,30.1,Not Placed
MECH,Tier 1,96,5.61,2,60,94,85,41,0,4,6,91,14.38,Not Placed
MECH,Tier 1,74,8.9,3,61,94,45,61,1,5,7,77,63.58,Placed
EEE,Tier 3,94,7.56,3,84,61,52,59,3,2,5,72,39.31,Not Placed
IT,Tier 3,87,6.8,2,46,60,75,64,0,5,5,46,21.4,Not Placed
MECH,Tier 3,66,9.55,1,94,65,61,54,1,1,8,51,85.34,Placed
IT,Tier 3,91,6.02,2,56,79,57,99,3,6,3,70,28.97,Not Placed
IT,Tier 3,70,9.8,2,41,60,51,88,1,5,4,71,76.54,Placed
AIML,Tier 1,69,6.91,5,51,64,91,68,0,1,8,93,10.19,Not Placed
EEE,Tier 2,68,9.5,2,96,80,98,47,1,2,0,59,89.04,Placed
MECH,Tier 1,73,8.21,1,81,40,93,76,2,7,3,94,79.67,Placed
CSE,Tier 3,72,9.22,5,57,45,69,88,3,6,6,90,60.34,Placed
ECE,Tier 1,84,9.93,0,93,62,92,91,1,5,8,56,96.73,Placed
CSE,Tier 3,61,6.8,0,98,90,90,72,0,4,9,75,68.53,Placed
EEE,Tier 3,94,9.83,3,50,62,79,61,3,4,5,42,80.6,Placed
ECE,Tier 1,66,7.25,3,55,82,46,89,2,6,7,40,36.08,Not Placed
EEE,Tier 3,80,7.23,1,88,82,71,86,3,4,8,89,71.42,Placed
IT,Tier 2,77,7.03,4,90,62,87,44,2,5,9,66,33.16,Not Placed
ECE,Tier 3,62,7.94,0,57,71,58,78,3,5,3,92,73.9,Placed
IT,Tier 2,98,6.19,3,74,69,45,57,1,6,0,86,14.84,Not Placed
CSE,Tier 2,100,7.99,0,92,52,59,77,1,5,7,79,75.01,Placed
CSE,Tier 3,70,7.94,1,98,82,66,93,0,7,1,72,80.53,Placed
ECE,Tier 1,98,8.93,1,65,57,92,92,2,1,0,59,82.23,Placed
ECE,Tier 2,83,9.25,4,55,62,82,76,0,2,6,53,54.65,Not Placed
MECH,Tier 1,78,7.48,4,45,54,76,69,1,7,9,75,24.88,Not Placed
EEE,Tier 2,63,6.86,5,96,72,87,90,2,7,8,44,40.11,Not Placed
MECH,Tier 3,85,6.67,1,83,60,46,70,0,4,8,62,29.83,Not Placed
EEE,Tier 3,97,6.38,3,82,96,98,49,0,1,2,84,24.88,Not Placed
MECH,Tier 2,91,5.76,0,86,78,44,54,0,6,5,99,26.96,Not Placed
IT,Tier 3,98,7.04,2,86,62,50,81,0,4,6,95,33.99,Not Placed
ECE,Tier 2,95,6.72,4,87,66,54,98,0,1,9,54,16.96,Not Placed
CSE,Tier 3,99,9.85,2,81,84,42,87,2,5,8,45,90.35,Placed
EEE,Tier 1,96,8.01,3,51,83,97,83,0,6,1,72,56.5,Not Placed
EEE,Tier 3,92,7.06,4,99,57,44,57,2,6,7,94,28.2,Not Placed
CSE,Tier 1,95,8.11,2,52,63,62,62,0,4,6,58,41.72,Not Placed
MECH,Tier 3,62,6.13,3,43,90,92,72,1,5,3,52,19.44,Not Placed
EEE,Tier 1,68,7.5,0,78,86,76,55,1,4,1,68,69.6,Placed
IT,Tier 3,67,8.32,3,93,79,48,93,0,3,7,100,59.64,Not Placed
ECE,Tier 1,92,7.7,5,41,90,54,77,3,1,4,45,22.32,Not Placed
CSE,Tier 2,65,7.31,4,65,81,42,74,1,3,5,54,21.54,Not Placed
ECE,Tier 2,100,9.97,1,98,46,68,73,2,1,6,55,91.32,Placed
EEE,Tier 1,98,9.46,0,66,89,45,67,0,2,9,63,84.27,Placed
EEE,Tier 3,63,8.31,2,66,87,56,41,2,7,0,62,66.8,Placed
CSE,Tier 1,72,8.06,4,54,59,65,69,3,6,7,87,42.63,Not Placed
IT,Tier 3,61,8.29,1,47,66,60,52,0,4,3,49,49.87,Not Placed
AIML,Tier 2,64,6.41,3,46,45,47,80,1,2,8,93,7.97,Not Placed
CSE,Tier 3,86,7.28,1,86,66,60,55,2,2,0,80,49.87,Not Placed
AIML,Tier 2,91,5.68,4,94,48,96,98,1,6,1,80,18.92,Not Placed
MECH,Tier 3,80,7.64,4,85,92,50,44,1,6,5,88,39.01,Not Placed
AIML,Tier 3,67,7.94,5,79,84,77,94,0,1,9,56,36.37,Not Placed
IT,Tier 3,97,6.52,5,99,96,47,67,2,3,0,88,20.43,Not Placed
MECH,Tier 1,67,9.84,1,51,70,81,92,3,5,3,95,92.97,Placed
AIML,Tier 1,62,9.59,3,52,60,63,78,1,1,7,83,64.35,Placed
MECH,Tier 2,62,8.75,1,82,65,100,84,0,5,9,84,85.8,Placed
AIML,Tier 2,81,7.9,4,56,79,74,59,0,2,4,69,27.87,Not Placed
IT,Tier 1,65,9.41,4,100,87,94,63,3,5,8,83,89.79,Placed
AIML,Tier 2,61,6.09,2,56,84,53,100,0,3,5,85,17.25,Not Placed
AIML,Tier 1,82,9.06,5,95,52,94,66,1,1,0,49,59.54,Not Placed
AIML,Tier 3,61,6.06,2,75,88,53,69,0,6,5,94,22.54,Not Placed
CSE,Tier 2,97,9.07,0,60,62,49,97,2,3,5,58,83.65,Placed
CSE,Tier 2,76,6.74,4,47,59,51,84,2,7,5,68,16.15,Not Placed
CSE,Tier 1,94,9.45,2,44,76,77,66,1,3,7,41,75.32,Placed
IT,Tier 2,93,9.75,1,65,93,83,65,2,7,5,75,94.42,Placed
MECH,Tier 2,82,6.17,5,55,92,94,46,3,1,4,58,11.69,Not Placed
EEE,Tier 3,89,7.58,5,75,67,85,81,0,6,1,46,32.52,Not Placed
AIML,Tier 2,67,9.91,3,67,56,73,86,1,3,3,65,80.47,Placed
AIML,Tier 3,81,7.68,1,93,67,80,92,3,7,9,54,83.19,Placed
IT,Tier 1,95,9.39,3,68,80,49,98,0,6,4,86,76.54,Placed
AIML,Tier 2,64,8.15,2,86,41,97,77,3,4,9,95,74.14,Placed
CSE,Tier 3,72,7.19,0,51,64,56,44,1,4,3,77,37.83,Not Placed
EEE,Tier 1,88,6.79,1,76,97,56,62,1,4,1,42,45.4,Not Placed
ECE,Tier 2,90,6.41,1,69,89,42,67,3,5,6,77,39.31,Not Placed
AIML,Tier 1,75,8.93,1,62,80,70,73,0,3,9,55,76.31,Placed
CSE,Tier 2,89,7.24,3,55,45,90,92,2,1,9,41,29.23,Not Placed
ECE,Tier 1,75,7.8,2,53,50,40,54,2,1,1,70,26.96,Not Placed
EEE,Tier 1,71,7.72,1,49,96,51,71,3,5,0,67,63.58,Placed
ECE,Tier 3,76,8.1,1,46,100,78,65,1,1,4,46,62.12,Placed
CSE,Tier 1,75,9.4,5,84,77,43,87,0,7,0,69,66.15,Placed
MECH,Tier 2,71,9.91,0,91,45,81,70,0,4,0,82,92.83,Placed
MECH,Tier 2,67,7.33,5,99,84,52,58,1,3,0,97,26.63,Not Placed
ECE,Tier 3,79,9.22,5,100,50,73,48,2,1,5,46,58.23,Not Placed
IT,Tier 2,62,8.94,0,76,53,81,68,0,1,8,75,79.19,Placed
ECE,Tier 2,75,8.08,2,68,41,60,93,3,2,9,68,54.96,Not Placed
AIML,Tier 2,89,9.8,5,42,79,61,100,2,2,0,63,64.06,Placed
AIML,Tier 1,82,6.4,2,54,42,96,97,3,2,4,91,28.12,Not Placed
MECH,Tier 1,87,5.99,5,75,94,43,90,2,3,8,78,11.06,Not Placed
IT,Tier 2,99,9.34,4,86,92,57,78,1,4,8,43,76.69,Placed
CSE,Tier 3,64,7.48,0,85,74,44,43,3,6,0,68,68.53,Placed
AIML,Tier 1,79,9.31,5,91,72,58,42,3,4,7,83,67.07,Placed
MECH,Tier 3,99,9.52,4,58,63,41,95,1,4,0,44,61.14,Placed
EEE,Tier 2,60,5.78,3,52,58,51,68,3,3,7,94,8.76,Not Placed
MECH,Tier 2,89,9.48,4,81,57,56,91,2,7,0,68,78.57,Placed
AIML,Tier 1,80,7.52,1,60,88,49,50,0,7,4,69,48.52,Not Placed
AIML,Tier 2,79,7.8,5,76,91,73,72,0,3,7,68,33.07,Not Placed
MECH,Tier 1,65,8.32,4,66,100,45,77,1,2,5,65,44.58,Not Placed
CSE,Tier 2,81,9.67,2,94,63,47,97,2,1,8,58,86.45,Placed
ECE,Tier 2,77,5.59,3,91,84,100,50,3,5,0,65,28.97,Not Placed
AIML,Tier 1,67,7.65,5,68,74,90,66,3,5,8,76,41.41,Not Placed
MECH,Tier 1,98,8.59,1,59,40,50,72,0,6,0,66,58.13,Not Placed
MECH,Tier 1,91,8.75,4,64,75,96,60,3,1,9,69,63.2,Placed
IT,Tier 2,92,8.62,3,45,64,51,78,0,6,9,90,45.4,Not Placed
ECE,Tier 2,75,6.1,5,75,84,48,70,1,2,2,92,7.79,Not Placed
EEE,Tier 3,71,6.85,3,41,88,41,77,3,6,0,69,25.74,Not Placed
CSE,Tier 1,97,7.11,1,61,99,47,85,2,1,2,42,46.34,Not Placed
EEE,Tier 2,93,9.12,4,71,82,97,41,3,1,1,98,71.24,Placed
ECE,Tier 2,73,6.75,3,55,73,50,66,0,5,1,97,15.98,Not Placed
ECE,Tier 1,95,6.45,3,57,64,99,75,1,7,8,82,27.53,Not Placed
ECE,Tier 3,92,9.81,0,44,55,92,50,0,2,7,46,83.53,Placed
EEE,Tier 1,82,5.54,3,93,73,75,86,3,3,0,100,22.76,Not Placed
ECE,Tier 3,61,9.99,0,75,68,49,57,0,6,3,88,90.95,Placed
MECH,Tier 2,100,8.55,4,69,58,60,98,0,5,0,96,48.62,Not Placed
EEE,Tier 3,80,9.23,5,84,62,59,40,1,6,0,48,55.78,Not Placed
ECE,Tier 2,61,6.83,5,58,58,87,74,2,6,3,92,18.98,Not Placed
MECH,Tier 1,86,5.56,4,62,64,47,74,3,3,1,80,6.8,Not Placed
IT,Tier 1,68,8.82,4,73,55,75,70,1,2,2,81,51.74,Not Placed
ECE,Tier 1,60,9.25,2,52,93,68,67,2,1,8,52,76.69,Placed
EEE,Tier 3,70,8.83,4,82,90,81,78,0,4,1,54,69.15,Placed
AIML,Tier 2,62,6.14,3,93,48,51,40,2,6,3,93,16.32,Not Placed
ECE,Tier 1,82,8.89,5,68,40,100,64,0,4,0,44,44.68,Not Placed
AIML,Tier 1,85,8.96,1,75,81,53,82,0,2,1,68,76.91,Placed
MECH,Tier 2,63,8.46,5,61,58,87,77,1,4,4,74,41.31,Not Placed
IT,Tier 1,77,8.95,0,91,72,93,59,0,6,9,66,91.08,Placed
CSE,Tier 2,65,9.31,5,91,73,89,42,1,3,0,66,66.7,Placed
IT,Tier 2,94,8.26,2,86,55,60,90,2,4,6,47,68.98,Placed
ECE,Tier 2,81,5.9,4,75,83,61,41,2,2,3,71,9.71,Not Placed
AIML,Tier 2,74,7.69,4,48,79,60,57,0,2,5,59,18.98,Not Placed
AIML,Tier 2,81,5.85,5,78,94,83,83,1,7,7,49,17.61,Not Placed
EEE,Tier 3,96,7.33,1,90,57,89,100,0,7,5,52,69.24,Placed
AIML,Tier 1,71,7.33,1,58,73,69,49,1,3,1,68,41.01,Not Placed
EEE,Tier 3,97,5.8,2,77,64,78,44,1,4,0,74,16.61,Not Placed
MECH,Tier 1,77,7.07,0,45,100,59,48,1,4,7,100,45.61,Not Placed
CSE,Tier 3,94,6.0,5,91,84,63,41,2,7,7,93,14.69,Not Placed
ECE,Tier 2,89,9.14,4,86,45,62,73,1,1,8,47,55.16,Not Placed
EEE,Tier 1,83,9.76,5,54,60,46,99,2,5,5,68,63.68,Placed
CSE,Tier 1,89,5.83,2,96,97,48,77,1,2,0,70,24.49,Not Placed
AIML,Tier 3,73,9.8,3,59,45,40,100,2,1,8,80,68.08,Placed
AIML,Tier 3,65,7.85,3,48,71,65,70,3,2,2,69,39.81,Not Placed
CSE,Tier 1,62,6.85,2,71,80,77,49,2,1,5,61,33.34,Not Placed
AIML,Tier 3,75,5.85,4,43,87,77,89,2,7,9,60,14.95,Not Placed
MECH,Tier 3,66,7.75,2,89,82,93,51,0,7,9,51,68.26,Placed
MECH,Tier 3,73,9.08,4,57,78,100,75,1,5,8,50,71.33,Placed
CSE,Tier 2,68,8.68,1,44,70,83,93,3,1,2,41,76.83,Placed
EEE,Tier 2,74,5.73,2,59,81,61,60,0,2,4,89,10.23,Not Placed
EEE,Tier 3,80,5.83,4,62,49,83,88,1,4,4,80,9.42,Not Placed
CSE,Tier 3,94,7.31,2,50,69,49,86,3,2,9,41,35.7,Not Placed
EEE,Tier 2,61,6.83,2,76,96,94,45,3,6,6,73,58.33,Not Placed
EEE,Tier 2,86,6.55,4,61,91,97,87,3,7,3,42,40.01,Not Placed
MECH,Tier 1,61,6.76,4,97,57,45,88,1,3,3,55,20.37,Not Placed
EEE,Tier 1,94,9.12,0,43,99,56,42,3,3,6,90,83.88,Placed
IT,Tier 2,77,9.68,2,68,63,90,49,3,7,8,43,90.31,Placed
ECE,Tier 3,73,7.32,3,83,91,89,44,0,6,3,62,47.37,Not Placed
AIML,Tier 3,79,9.58,2,73,100,77,85,2,3,3,96,91.15,Placed
IT,Tier 3,77,6.95,2,52,48,63,65,1,7,5,89,26.22,Not Placed
EEE,Tier 3,69,7.64,4,81,70,90,100,2,3,5,59,52.37,Not Placed
MECH,Tier 1,84,6.52,2,48,54,49,60,0,7,6,64,14.58,Not Placed
CSE,Tier 2,61,8.38,5,81,43,95,84,2,5,0,69,53.41,Not Placed
EEE,Tier 3,84,9.91,2,70,79,47,65,3,4,2,57,88.11,Placed
MECH,Tier 1,92,8.22,5,46,48,60,77,3,4,8,81,28.29,Not Placed
ECE,Tier 3,95,7.11,3,43,84,95,83,1,2,5,50,30.98,Not Placed
EEE,Tier 2,90,8.42,4,58,48,45,65,1,6,5,68,33.53,Not Placed
CSE,Tier 1,73,6.05,2,81,65,60,47,1,7,4,56,21.82,Not Placed
MECH,Tier 2,60,9.5,5,69,43,96,44,0,1,2,65,47.06,Not Placed
MECH,Tier 2,75,7.76,5,70,56,78,54,1,2,4,95,21.75,Not Placed
MECH,Tier 1,62,7.52,5,74,55,63,98,0,2,0,96,19.57,Not Placed
ECE,Tier 1,94,8.14,1,96,54,72,55,3,7,2,62,81.18,Placed
EEE,Tier 1,100,8.31,0,60,74,98,40,2,7,3,95,83.48,Placed
ECE,Tier 1,65,5.82,3,100,96,57,55,3,2,4,91,24.03,Not Placed
AIML,Tier 1,84,8.57,2,70,91,95,76,3,2,9,87,82.66,Placed
AIML,Tier 1,72,6.59,1,58,44,67,42,3,4,8,59,26.71,Not Placed
EEE,Tier 1,93,8.71,2,70,94,96,91,1,1,3,84,80.79,Placed
ECE,Tier 3,67,9.2,2,92,44,91,86,1,2,2,41,82.72,Placed
CSE,Tier 2,80,9.12,4,71,59,71,70,1,4,9,63,61.14,Placed
MECH,Tier 1,93,7.99,4,41,54,51,52,2,2,0,70,18.98,Not Placed
MECH,Tier 3,63,7.84,4,98,57,87,95,1,3,9,66,53.41,Not Placed
EEE,Tier 3,84,6.14,1,91,86,81,55,0,2,5,41,33.34,Not Placed
AIML,Tier 3,74,8.99,2,49,41,66,94,3,7,6,96,75.78,Placed
AIML,Tier 2,63,6.72,0,41,68,49,82,2,6,9,53,39.11,Not Placed
MECH,Tier 1,71,7.74,3,41,52,85,60,2,6,7,43,37.14,Not Placed
EEE,Tier 3,91,6.78,4,99,43,96,41,2,2,0,88,23.88,Not Placed
ECE,Tier 2,91,6.1,4,63,81,91,93,2,5,3,52,22.61,Not Placed
AIML,Tier 2,87,8.33,2,56,84,81,66,2,3,4,75,66.8,Placed
ECE,Tier 2,72,5.74,2,71,49,71,77,0,1,1,74,10.15,Not Placed
AIML,Tier 3,90,8.87,1,55,100,81,65,3,2,0,83,85.08,Placed
AIML,Tier 1,73,6.93,1,55,70,65,97,2,1,7,93,39.31,Not Placed
IT,Tier 3,79,5.5,4,85,80,64,98,3,3,5,94,15.82,Not Placed
AIML,Tier 3,77,7.8,2,78,47,50,77,1,2,4,47,40.51,Not Placed
CSE,Tier 1,88,5.71,0,92,42,62,85,2,5,8,41,34.18,Not Placed
EEE,Tier 1,65,6.74,3,70,87,73,64,2,4,1,45,32.7,Not Placed
EEE,Tier 1,91,8.68,2,82,85,96,50,3,5,9,70,86.1,Placed
ECE,Tier 2,88,5.78,2,63,48,91,47,2,7,7,93,18.86,Not Placed
AIML,Tier 1,61,9.28,5,40,69,79,47,2,5,9,49,50.5,Not Placed
CSE,Tier 3,82,5.52,1,50,92,62,72,2,4,8,83,19.57,Not Placed
ECE,Tier 1,78,6.61,3,94,50,68,92,0,7,0,60,30.89,Not Placed
IT,Tier 3,90,8.83,4,60,74,70,46,0,4,6,81,45.92,Not Placed
ECE,Tier 2,64,6.92,2,43,76,46,77,2,6,7,49,29.14,Not Placed
ECE,Tier 3,78,5.96,4,46,100,79,60,0,4,2,62,9.67,Not Placed
AIML,Tier 3,93,7.12,2,65,81,72,47,1,2,3,42,32.79,Not Placed
IT,Tier 1,69,6.72,4,86,52,60,90,2,1,2,71,19.18,Not Placed
ECE,Tier 1,84,9.29,3,89,75,41,93,1,6,6,59,80.4,Placed
CSE,Tier 3,61,6.91,1,51,95,57,60,3,6,8,49,49.25,Not Placed
CSE,Tier 1,70,9.05,3,70,52,86,95,1,1,2,68,68.35,Placed
EEE,Tier 2,90,9.51,5,56,51,72,59,3,6,5,80,62.61,Placed
IT,Tier 2,74,7.45,0,72,76,76,47,2,4,7,91,65.96,Placed
IT,Tier 1,68,9.59,1,50,49,73,97,3,5,5,90,88.46,Placed
EEE,Tier 2,82,7.2,3,67,99,59,85,3,3,1,85,46.13,Not Placed
ECE,Tier 1,78,9.84,5,71,95,74,70,1,4,6,73,76.98,Placed
IT,Tier 3,68,5.9,0,40,48,90,89,1,7,1,76,28.8,Not Placed
CSE,Tier 3,94,8.59,5,86,91,89,96,1,7,1,59,73.49,Placed
CSE,Tier 2,80,7.72,2,67,46,100,68,2,5,1,100,57.93,Not Placed
AIML,Tier 1,68,7.24,2,92,41,93,87,2,5,0,100,58.54,Not Placed
IT,Tier 1,87,8.35,4,81,93,57,48,1,6,0,47,55.27,Not Placed
ECE,Tier 2,66,8.67,1,46,95,85,54,2,2,6,46,76.01,Placed
EEE,Tier 3,75,5.52,2,41,99,63,69,2,2,4,45,12.04,Not Placed
EEE,Tier 2,75,6.25,5,81,62,47,65,3,6,2,50,12.91,Not Placed
ECE,Tier 3,92,8.71,1,63,78,100,49,3,6,0,83,87.02,Placed
MECH,Tier 1,63,8.5,2,43,79,69,68,1,1,9,57,52.37,Not Placed
AIML,Tier 3,63,9.85,4,83,78,83,93,2,1,5,90,85.29,Placed
EEE,Tier 2,98,8.92,3,58,60,92,55,3,3,0,81,69.06,Placed
IT,Tier 1,99,9.78,4,65,62,49,75,0,3,8,96,61.24,Placed
AIML,Tier 2,76,8.66,0,50,68,62,59,2,3,1,68,73.98,Placed
IT,Tier 2,96,6.84,2,79,53,91,84,0,3,0,64,35.32,Not Placed
CSE,Tier 3,98,5.97,0,89,65,88,93,1,5,6,60,50.6,Not Placed
AIML,Tier 2,88,9.02,0,82,90,50,76,2,5,5,85,90.98,Placed
EEE,Tier 3,95,8.4,5,50,44,41,61,1,1,5,42,15.22,Not Placed
AIML,Tier 1,97,5.72,1,84,94,97,46,1,2,4,57,31.7,Not Placed
AIML,Tier 3,98,7.12,5,42,70,65,62,1,6,3,63,13.38,Not Placed
AIML,Tier 1,96,9.81,2,51,64,75,80,1,7,3,86,85.9,Placed
MECH,Tier 3,94,7.75,0,42,70,72,79,1,2,2,77,55.47,Not Placed
AIML,Tier 2,66,7.45,3,81,89,86,68,2,4,9,49,56.81,Not Placed
IT,Tier 3,86,7.56,0,66,59,52,55,0,5,7,66,48.93,Not Placed
CSE,Tier 3,87,6.44,3,88,83,79,77,2,3,6,51,34.94,Not Placed
ECE,Tier 1,81,7.16,5,93,94,64,67,2,3,8,46,32.33,Not Placed
AIML,Tier 2,73,7.16,5,41,56,43,87,2,4,0,56,10.98,Not Placed
EEE,Tier 3,66,5.74,1,88,84,81,77,3,2,6,40,39.71,Not Placed
AIML,Tier 2,96,8.95,0,55,41,58,70,3,3,9,97,77.57,Placed
EEE,Tier 3,81,7.37,4,41,64,57,53,2,2,3,89,14.69,Not Placed
IT,Tier 3,64,9.2,5,99,52,76,92,0,6,6,65,69.24,Placed
EEE,Tier 2,61,9.33,5,93,97,69,72,2,4,0,54,78.5,Placed
ECE,Tier 3,86,6.45,1,69,78,58,96,1,7,4,90,43.45,Not Placed
CSE,Tier 2,80,8.46,3,59,67,97,48,3,2,2,99,60.94,Placed
EEE,Tier 3,97,7.63,1,77,81,62,96,3,6,4,72,76.69,Placed
EEE,Tier 1,74,9.46,0,67,94,98,66,2,2,3,76,93.96,Placed
CSE,Tier 2,80,6.47,2,64,45,93,63,2,2,1,86,23.8,Not Placed
ECE,Tier 3,69,8.55,2,71,42,55,52,0,3,3,70,45.82,Not Placed
AIML,Tier 3,82,8.23,3,100,97,40,65,0,1,2,74,53.92,Not Placed
EEE,Tier 1,98,6.83,5,49,74,51,68,1,5,0,40,10.42,Not Placed
CSE,Tier 2,64,6.11,3,99,57,63,90,2,2,9,47,22.91,Not Placed
IT,Tier 3,60,8.43,5,81,50,73,88,2,2,7,51,44.37,Not Placed
CSE,Tier 1,72,8.82,5,79,93,92,82,2,2,4,98,68.8,Placed
IT,Tier 3,80,6.92,2,72,59,96,67,3,1,3,93,41.92,Not Placed
ECE,Tier 2,85,8.4,3,52,44,47,67,1,6,9,96,38.32,Not Placed
AIML,Tier 3,80,7.28,1,95,58,57,47,0,7,4,58,50.6,Not Placed
CSE,Tier 3,77,8.71,5,80,61,96,62,3,7,3,64,68.62,Placed
MECH,Tier 3,96,6.4,4,93,98,87,68,3,4,2,96,39.11,Not Placed
EEE,Tier 3,91,9.51,4,81,99,44,44,3,3,4,71,75.78,Placed
ECE,Tier 1,95,6.79,1,86,58,65,81,3,1,3,51,46.23,Not Placed
CSE,Tier 1,76,7.16,4,76,86,69,46,1,6,0,52,30.63,Not Placed
EEE,Tier 2,94,5.76,0,93,55,93,81,2,2,2,67,41.82,Not Placed
CSE,Tier 1,70,6.0,5,55,63,52,75,0,6,9,40,5.25,Not Placed
IT,Tier 1,80,7.82,1,84,80,58,80,0,1,9,90,58.74,Not Placed
CSE,Tier 2,85,6.7,3,61,43,68,66,3,1,7,45,17.02,Not Placed
MECH,Tier 1,63,9.26,5,96,54,42,97,3,1,6,47,63.1,Placed
CSE,Tier 1,93,5.57,1,59,64,65,85,1,4,1,43,16.9,Not Placed
CSE,Tier 2,77,7.21,2,89,83,79,41,3,5,0,44,59.94,Not Placed
MECH,Tier 2,99,7.02,3,82,94,98,64,0,3,2,64,42.43,Not Placed
ECE,Tier 2,94,5.59,2,66,74,97,48,0,4,4,61,14.9,Not Placed
CSE,Tier 3,100,6.06,5,80,94,97,92,2,4,9,67,23.73,Not Placed
MECH,Tier 3,88,7.36,3,55,53,51,66,2,5,0,78,25.82,Not Placed
EEE,Tier 2,88,7.72,4,73,88,41,40,0,4,2,62,24.8,Not Placed
IT,Tier 2,97,7.32,1,71,58,50,62,0,1,2,43,30.89,Not Placed
IT,Tier 2,80,7.89,5,65,77,83,49,1,1,4,91,25.82,Not Placed
CSE,Tier 3,72,8.18,0,64,75,67,81,1,6,2,43,78.5,Placed
ECE,Tier 3,100,5.54,3,41,46,57,91,0,2,8,86,3.94,Not Placed
ECE,Tier 1,76,7.59,3,51,69,52,64,3,4,0,98,34.28,Not Placed
EEE,Tier 1,68,9.84,5,79,58,76,93,2,2,3,60,74.93,Placed
CSE,Tier 2,100,7.84,5,48,88,61,100,0,3,9,76,25.11,Not Placed
IT,Tier 3,60,8.55,2,51,64,51,42,3,7,9,95,61.63,Placed
ECE,Tier 3,61,6.9,4,65,55,41,45,0,1,3,80,7.26,Not Placed
CSE,Tier 3,88,8.98,2,48,86,76,100,2,6,0,41,83.25,Placed
ECE,Tier 2,92,8.98,2,49,93,46,97,2,3,1,98,74.22,Placed
MECH,Tier 1,69,7.85,4,71,79,65,45,1,6,0,46,38.42,Not Placed
ECE,Tier 2,99,9.89,0,96,90,65,92,1,7,5,88,97.32,Placed
IT,Tier 1,80,6.06,2,73,47,63,41,1,7,2,55,16.27,Not Placed
AIML,Tier 1,87,5.58,2,87,57,51,97,1,5,6,56,17.8,Not Placed
EEE,Tier 2,70,8.97,3,59,67,55,97,2,1,4,59,62.32,Placed
EEE,Tier 1,93,9.13,4,78,55,62,57,3,3,8,97,63.58,Placed
IT,Tier 1,67,6.04,1,99,91,79,62,3,5,6,62,55.06,Not Placed
ECE,Tier 3,81,6.7,0,41,58,99,41,3,7,3,73,48.72,Not Placed
CSE,Tier 1,67,5.58,0,40,81,48,51,0,3,4,50,10.9,Not Placed
ECE,Tier 2,74,6.82,4,90,56,71,61,1,6,4,73,25.11,Not Placed
IT,Tier 2,76,8.98,5,99,84,54,76,1,5,4,72,66.89,Placed
EEE,Tier 1,82,7.83,5,75,52,76,59,2,5,9,65,31.97,Not Placed
ECE,Tier 3,83,7.07,3,63,46,52,78,2,1,8,41,18.67,Not Placed
EEE,Tier 3,78,7.17,3,93,66,44,63,0,2,9,100,24.72,Not Placed
CSE,Tier 1,64,5.51,4,66,49,50,87,0,6,2,62,5.29,Not Placed
EEE,Tier 1,91,6.85,3,41,73,49,59,3,6,5,80,21.47,Not Placed
EEE,Tier 2,60,8.41,0,70,75,91,40,2,5,7,61,83.59,Placed
AIML,Tier 1,82,9.88,0,96,64,52,40,1,5,8,97,92.38,Placed
AIML,Tier 3,96,9.31,1,53,45,80,56,3,1,6,73,77.13,Placed
MECH,Tier 1,67,5.61,5,41,63,92,98,1,2,2,99,5.09,Not Placed
AIML,Tier 2,72,9.54,4,68,57,85,40,3,6,0,54,76.01,Placed
EEE,Tier 2,67,9.02,2,54,62,89,92,1,7,3,49,80.98,Placed
IT,Tier 2,82,9.01,5,51,45,54,91,0,4,5,54,33.53,Not Placed
EEE,Tier 2,60,7.56,2,76,68,81,84,3,4,2,81,64.35,Placed
IT,Tier 2,83,7.29,1,67,64,95,69,1,2,0,68,51.22,Not Placed
IT,Tier 1,94,6.86,1,59,94,46,80,1,3,5,96,37.63,Not Placed
AIML,Tier 1,83,5.8,3,100,56,79,86,2,1,0,62,20.03,Not Placed
ECE,Tier 1,76,6.53,1,78,85,67,42,3,2,8,98,40.61,Not Placed
CSE,Tier 1,64,6.61,1,63,63,71,85,1,4,0,56,35.51,Not Placed
AIML,Tier 2,79,7.68,2,60,50,74,94,2,5,5,99,52.78,Not Placed
AIML,Tier 3,80,8.86,3,49,65,54,50,1,4,0,48,47.48,Not Placed
ECE,Tier 1,99,7.63,1,85,90,87,63,3,5,6,89,80.07,Placed
CSE,Tier 3,90,5.76,5,53,73,75,61,0,1,2,75,3.74,Not Placed
EEE,Tier 1,95,9.81,1,76,67,60,83,3,5,5,48,93.08,Placed
MECH,Tier 1,70,9.74,3,57,42,45,84,3,2,6,55,69.33,Placed
MECH,Tier 3,74,9.03,4,63,50,40,65,1,5,0,75,44.68,Not Placed
EEE,Tier 2,78,9.96,3,53,77,43,52,1,3,0,87,69.6,Placed
AIML,Tier 1,66,7.95,2,73,100,50,40,3,2,4,90,58.54,Not Placed
CSE,Tier 1,87,9.83,4,97,53,83,63,2,1,5,72,80.4,Placed
AIML,Tier 1,64,5.84,5,51,90,65,49,2,2,8,94,5.68,Not Placed
IT,Tier 3,64,7.15,0,61,65,100,74,2,3,0,70,63.0,Placed
AIML,Tier 2,89,6.51,3,95,87,76,63,1,1,3,45,29.23,Not Placed
AIML,Tier 3,91,6.38,2,45,60,62,67,1,4,9,49,15.16,Not Placed
EEE,Tier 3,67,6.13,5,75,93,68,75,3,3,7,55,16.44,Not Placed
EEE,Tier 2,69,8.3,4,84,95,60,55,0,1,9,43,43.96,Not Placed
EEE,Tier 3,97,9.02,5,75,78,87,79,1,7,8,93,70.38,Placed
MECH,Tier 2,91,8.1,3,61,69,84,55,3,5,2,61,58.64,Not Placed
IT,Tier 1,87,6.16,1,53,98,84,98,3,2,1,52,43.45,Not Placed
EEE,Tier 2,76,9.15,3,55,47,88,56,0,1,3,55,51.85,Not Placed
CSE,Tier 1,90,8.36,0,100,90,66,90,2,2,1,91,89.36,Placed
MECH,Tier 3,67,7.25,3,75,59,78,93,3,5,0,68,49.77,Not Placed
ECE,Tier 3,99,8.53,4,95,87,79,54,3,1,2,45,68.17,Placed
CSE,Tier 1,84,6.67,4,64,71,52,55,3,4,6,65,17.02,Not Placed
CSE,Tier 3,68,7.05,3,71,61,62,54,2,7,0,50,32.24,Not Placed
EEE,Tier 2,61,9.63,4,72,98,98,96,2,7,1,63,91.32,Placed
ECE,Tier 1,74,6.81,1,84,46,55,73,0,3,0,68,30.1,Not Placed
ECE,Tier 3,62,7.61,5,75,48,69,50,1,1,7,42,16.1,Not Placed
MECH,Tier 1,95,9.51,3,59,84,100,40,2,5,4,91,83.01,Placed
ECE,Tier 2,63,8.68,1,57,40,43,54,1,1,7,49,47.06,Not Placed
IT,Tier 2,73,5.78,5,77,68,79,65,1,2,2,100,7.18,Not Placed
EEE,Tier 3,100,6.16,5,42,47,55,90,2,6,6,99,6.42,Not Placed
ECE,Tier 2,100,5.54,1,62,95,70,43,3,1,7,40,20.03,Not Placed
MECH,Tier 1,84,8.34,2,71,93,92,82,0,7,5,91,79.26,Placed
IT,Tier 2,69,7.51,3,84,43,81,44,1,7,6,82,40.61,Not Placed
AIML,Tier 1,80,6.1,5,98,74,64,74,3,7,1,65,22.61,Not Placed
AIML,Tier 1,95,9.81,5,55,98,83,52,2,4,7,97,74.69,Placed
IT,Tier 2,71,7.88,4,98,42,51,49,1,1,4,51,26.55,Not Placed
MECH,Tier 3,86,6.59,5,44,93,65,50,1,3,6,53,8.8,Not Placed
IT,Tier 2,99,7.75,1,43,84,76,57,1,1,0,64,46.54,Not Placed
EEE,Tier 1,61,8.56,5,60,79,87,73,3,6,4,47,60.94,Placed
EEE,Tier 1,72,5.84,2,79,46,72,78,3,7,0,82,27.29,Not Placed
AIML,Tier 2,91,6.74,3,90,66,67,80,3,2,7,43,35.6,Not Placed
ECE,Tier 3,90,9.13,3,53,40,48,81,1,7,3,67,57.72,Not Placed
MECH,Tier 3,75,7.57,5,78,66,51,89,1,1,3,46,21.26,Not Placed
AIML,Tier 1,91,7.96,0,70,55,44,62,0,4,1,49,54.55,Not Placed
ECE,Tier 1,91,7.45,0,53,77,93,46,0,5,4,90,57.72,Not Placed
ECE,Tier 3,93,5.7,1,45,46,91,98,3,1,0,96,19.37,Not Placed
EEE,Tier 2,70,6.25,0,51,83,93,78,3,1,8,97,44.68,Not Placed
CSE,Tier 1,69,7.5,1,55,62,67,42,2,3,4,75,41.92,Not Placed
CSE,Tier 1,74,6.44,4,56,80,95,51,3,4,5,41,21.54,Not Placed
IT,Tier 3,76,5.72,1,84,98,74,46,0,6,1,65,30.18,Not Placed
EEE,Tier 2,99,9.3,0,62,50,44,88,0,5,9,92,80.27,Placed
ECE,Tier 3,77,9.92,5,53,81,73,65,0,7,9,89,69.6,Placed
MECH,Tier 2,68,9.07,4,100,92,85,72,1,2,0,53,79.12,Placed
CSE,Tier 2,84,9.34,0,46,72,73,76,1,1,3,97,82.36,Placed
ECE,Tier 2,99,6.59,1,85,89,52,87,3,6,6,55,58.84,Not Placed
CSE,Tier 1,73,9.82,2,71,75,78,54,2,5,5,93,89.16,Placed
CSE,Tier 3,84,6.39,3,54,76,81,41,2,2,9,82,15.76,Not Placed
CSE,Tier 3,81,9.78,0,83,80,84,80,2,6,0,81,96.7,Placed
MECH,Tier 2,89,9.98,1,56,98,87,46,1,4,0,56,91.74,Placed
EEE,Tier 1,79,8.7,4,80,56,97,71,0,4,7,85,59.44,Not Placed
MECH,Tier 1,80,9.92,0,93,74,53,43,0,5,3,61,92.23,Placed
AIML,Tier 3,91,8.06,0,86,87,50,59,1,7,4,43,80.2,Placed
ECE,Tier 1,80,6.67,3,83,44,81,89,2,2,6,58,27.7,Not Placed
EEE,Tier 1,94,7.47,1,73,87,77,92,2,4,7,41,70.82,Placed
EEE,Tier 2,91,8.17,2,44,71,43,75,3,5,9,78,53.41,Not Placed
EEE,Tier 1,89,5.83,4,84,42,92,71,3,4,6,48,15.71,Not Placed
EEE,Tier 2,98,8.3,1,66,91,72,67,2,4,1,99,77.57,Placed
MECH,Tier 3,71,9.92,4,91,86,46,52,1,6,3,58,81.68,Placed
EEE,Tier 1,100,6.36,0,62,74,95,40,2,6,9,55,47.68,Not Placed
IT,Tier 3,77,9.07,3,79,91,80,99,3,4,0,93,87.71,Placed
ECE,Tier 3,80,9.59,3,98,53,47,95,2,3,9,64,82.42,Placed
EEE,Tier 1,72,9.75,5,53,87,76,74,1,6,8,87,72.26,Placed
ECE,Tier 1,80,9.82,2,54,100,90,87,0,2,2,57,87.85,Placed
IT,Tier 3,67,7.85,3,82,100,49,69,1,5,2,62,55.58,Not Placed
IT,Tier 1,99,9.9,0,72,70,82,93,1,5,9,92,95.27,Placed
ECE,Tier 2,66,8.91,2,92,70,96,75,3,7,8,60,91.45,Placed
CSE,Tier 2,82,6.23,1,70,56,54,96,1,2,9,50,23.65,Not Placed
AIML,Tier 1,91,7.65,3,74,99,77,94,1,2,2,78,55.47,Not Placed
CSE,Tier 3,70,8.73,2,56,63,54,64,3,2,7,80,62.22,Placed
CSE,Tier 1,81,6.61,0,67,91,44,55,3,7,1,43,53.72,Not Placed
MECH,Tier 1,81,8.38,5,58,62,68,97,0,2,2,64,30.54,Not Placed
CSE,Tier 3,84,8.5,4,85,57,58,58,2,1,1,71,44.99,Not Placed
EEE,Tier 3,81,6.23,4,93,89,93,40,1,7,0,69,28.12,Not Placed
MECH,Tier 2,87,8.04,0,62,93,90,44,3,5,1,84,83.19,Placed
MECH,Tier 3,88,8.97,0,71,53,49,90,0,1,7,98,74.3,Placed
IT,Tier 2,72,7.75,4,79,89,51,61,2,7,8,65,47.79,Not Placed
CSE,Tier 3,77,5.55,5,52,54,93,63,3,4,1,96,6.39,Not Placed
IT,Tier 1,61,5.54,2,98,54,43,82,2,4,6,100,17.37,Not Placed
ECE,Tier 2,88,7.11,4,59,45,70,84,2,5,4,75,22.4,Not Placed
AIML,Tier 2,80,9.67,0,74,66,57,91,1,4,2,90,91.55,Placed
MECH,Tier 2,74,6.53,3,44,54,55,76,1,2,8,73,9.97,Not Placed
ECE,Tier 1,86,8.35,1,48,89,79,92,3,7,5,48,84.16,Placed
ECE,Tier 1,90,6.5,5,68,75,75,75,2,1,0,51,12.95,Not Placed
EEE,Tier 1,74,6.95,5,45,94,64,75,3,2,4,41,17.31,Not Placed
AIML,Tier 1,82,9.32,3,64,47,62,43,3,4,6,77,66.43,Placed
ECE,Tier 1,83,8.78,3,70,54,51,75,2,6,3,44,63.39,Placed
ECE,Tier 2,72,5.93,0,61,42,73,91,3,1,7,44,27.53,Not Placed
AIML,Tier 1,81,7.43,4,41,86,75,92,2,2,9,91,29.23,Not Placed
AIML,Tier 2,96,5.63,2,84,52,76,57,2,7,4,61,21.61,Not Placed
ECE,Tier 1,92,7.66,5,44,80,42,89,2,5,8,44,22.47,Not Placed
AIML,Tier 3,62,8.48,5,99,73,48,55,2,2,8,98,45.4,Not Placed
ECE,Tier 2,78,6.03,3,66,63,100,80,0,6,8,43,20.16,Not Placed
ECE,Tier 3,82,6.8,4,64,79,92,57,2,4,0,100,26.39,Not Placed
EEE,Tier 2,88,7.29,5,47,71,57,61,1,1,1,48,10.38,Not Placed
CSE,Tier 3,89,9.64,2,94,100,82,41,1,5,2,68,91.89,Placed
ECE,Tier 1,98,9.97,3,40,71,74,60,1,1,3,61,69.68,Placed
IT,Tier 1,84,5.7,2,59,69,96,75,2,5,9,66,23.13,Not Placed
MECH,Tier 1,96,8.92,4,83,91,94,83,1,7,8,49,82.23,Placed
CSE,Tier 2,67,7.17,5,62,88,73,78,0,1,9,55,16.55,Not Placed
CSE,Tier 3,75,7.27,1,71,52,80,86,3,4,5,81,59.94,Not Placed
CSE,Tier 1,67,8.89,5,50,40,53,78,2,7,0,100,40.11,Not Placed
EEE,Tier 3,60,9.63,4,78,73,43,68,1,7,8,81,74.14,Placed
ECE,Tier 3,64,9.78,5,86,54,68,93,0,5,5,100,71.67,Placed
EEE,Tier 1,62,8.1,5,93,83,80,65,3,3,3,90,56.4,Not Placed
ECE,Tier 1,60,7.11,0,63,53,84,60,0,1,3,49,39.31,Not Placed
EEE,Tier 3,63,9.04,5,50,96,89,56,1,1,2,45,50.6,Not Placed
EEE,Tier 1,99,6.63,5,68,68,54,55,0,2,6,88,7.15,Not Placed
MECH,Tier 1,94,8.04,2,93,73,67,99,3,5,2,44,79.73,Placed
IT,Tier 1,91,7.11,1,65,57,81,70,1,6,1,97,48.62,Not Placed
EEE,Tier 2,93,8.45,2,55,93,55,90,3,3,9,45,71.84,Placed
MECH,Tier 3,84,6.58,2,74,46,51,48,0,4,7,98,15.32,Not Placed
AIML,Tier 3,69,6.36,3,59,68,91,70,2,2,3,95,20.57,Not Placed
IT,Tier 2,80,9.63,0,85,94,44,53,2,3,7,98,92.32,Placed
EEE,Tier 3,98,5.96,2,42,70,73,88,2,5,0,86,19.24,Not Placed
CSE,Tier 1,86,7.78,4,40,100,81,76,2,3,4,64,39.91,Not Placed
AIML,Tier 3,86,6.49,4,97,64,40,41,3,7,8,98,21.61,Not Placed
AIML,Tier 1,61,5.68,5,92,77,78,91,2,1,0,90,12.0,Not Placed
MECH,Tier 2,100,5.66,3,86,53,71,87,3,7,3,89,23.2,Not Placed
AIML,Tier 1,72,6.29,0,40,47,65,85,1,1,5,100,19.18,Not Placed
IT,Tier 3,68,9.4,0,56,66,56,53,2,2,9,43,82.17,Placed
EEE,Tier 3,95,6.77,5,41,93,87,98,3,5,7,79,25.66,Not Placed
EEE,Tier 3,81,9.78,4,68,41,98,72,2,5,2,98,79.12,Placed
CSE,Tier 2,85,8.12,1,59,56,66,74,2,3,4,87,60.74,Placed
MECH,Tier 2,71,7.46,3,45,76,63,97,2,2,6,71,33.34,Not Placed
CSE,Tier 3,76,8.11,5,47,53,74,78,3,5,0,95,33.71,Not Placed
AIML,Tier 1,73,7.83,3,68,64,85,97,0,6,6,90,53.1,Not Placed
CSE,Tier 2,73,8.91,4,87,95,81,86,2,6,7,91,83.01,Placed
IT,Tier 3,93,6.77,4,90,69,93,90,2,7,7,74,44.89,Not Placed
EEE,Tier 3,79,7.09,1,72,68,78,59,1,1,8,49,41.01,Not Placed
AIML,Tier 2,70,9.52,1,42,59,65,41,0,3,5,73,67.62,Placed
CSE,Tier 2,75,9.76,0,99,60,88,90,3,4,5,75,97.1,Placed
MECH,Tier 2,90,9.52,3,74,100,77,80,1,1,1,45,83.07,Placed
IT,Tier 1,65,7.39,3,44,92,62,58,2,2,2,82,28.8,Not Placed
IT,Tier 1,78,9.01,4,66,61,61,98,1,5,3,85,62.12,Placed
CSE,Tier 3,96,7.64,0,83,74,43,76,1,1,3,55,59.64,Not Placed
EEE,Tier 2,63,7.74,5,51,76,88,57,2,4,7,98,29.31,Not Placed
CSE,Tier 1,63,6.42,3,59,55,98,55,0,4,0,92,15.87,Not Placed
AIML,Tier 2,79,8.16,0,84,89,48,43,0,6,9,58,74.38,Placed
CSE,Tier 3,69,6.34,0,59,97,43,51,1,2,3,73,28.29,Not Placed
IT,Tier 1,83,6.99,4,48,88,46,68,2,1,3,64,14.74,Not Placed
CSE,Tier 1,94,9.35,0,78,82,62,46,3,3,0,70,91.05,Placed
EEE,Tier 1,85,6.43,1,43,56,41,53,1,1,2,88,11.31,Not Placed
MECH,Tier 3,96,5.82,1,90,55,88,94,3,6,4,80,47.06,Not Placed
ECE,Tier 2,97,5.81,2,93,97,63,51,1,7,5,56,30.89,Not Placed
CSE,Tier 1,80,9.73,4,58,94,79,74,1,4,8,86,78.85,Placed
EEE,Tier 3,99,7.78,5,77,41,94,44,2,2,8,69,25.9,Not Placed
EEE,Tier 2,98,7.34,2,66,43,70,56,2,2,8,78,31.52,Not Placed
MECH,Tier 3,80,9.15,1,84,60,86,97,3,3,0,93,91.45,Placed
IT,Tier 2,69,9.26,2,82,78,70,81,3,2,8,94,87.02,Placed
EEE,Tier 3,97,6.99,4,52,73,86,71,0,6,7,70,21.97,Not Placed
EEE,Tier 2,63,8.62,4,52,69,79,49,2,6,1,58,52.58,Not Placed
EEE,Tier 1,79,8.97,0,99,45,87,82,1,6,0,74,91.83,Placed
EEE,Tier 2,76,8.45,3,96,56,90,56,1,2,0,68,63.68,Placed
AIML,Tier 3,66,6.18,0,61,78,82,44,0,2,5,98,26.79,Not Placed
AIML,Tier 3,63,9.44,4,67,64,73,84,2,6,8,40,76.69,Placed
IT,Tier 2,88,7.93,1,91,44,94,81,1,2,6,43,69.42,Placed
CSE,Tier 1,73,6.77,5,86,44,63,48,0,2,4,67,8.37,Not Placed
EEE,Tier 1,62,7.41,1,92,59,88,88,0,4,1,57,63.97,Placed
MECH,Tier 2,83,5.67,0,84,55,99,72,1,1,0,65,30.89,Not Placed
CSE,Tier 2,96,6.08,5,61,90,65,75,1,5,1,79,10.5,Not Placed
MECH,Tier 3,75,8.94,4,82,80,55,75,3,2,0,58,68.08,Placed
CSE,Tier 1,63,5.5,1,58,76,96,57,2,5,2,94,24.72,Not Placed
IT,Tier 2,83,7.37,4,47,79,86,48,3,7,5,94,36.18,Not Placed
EEE,Tier 1,93,7.85,5,91,48,52,96,0,5,7,99,30.01,Not Placed
EEE,Tier 2,89,5.75,5,47,44,54,68,1,4,2,96,2.92,Not Placed
ECE,Tier 2,77,9.88,1,81,81,66,100,3,2,9,45,94.7,Placed
MECH,Tier 1,78,6.52,4,65,96,43,89,0,6,8,40,17.61,Not Placed
CSE,Tier 2,90,6.87,2,87,41,55,53,2,5,9,47,30.89,Not Placed
CSE,Tier 2,78,6.87,4,90,48,69,64,1,2,4,72,18.48,Not Placed
AIML,Tier 3,78,6.54,5,65,82,83,54,3,3,6,90,17.14,Not Placed
ECE,Tier 2,81,5.51,4,62,75,69,45,2,7,7,82,8.93,Not Placed
AIML,Tier 2,83,8.78,0,82,61,75,95,3,6,2,60,92.2,Placed
AIML,Tier 2,71,9.85,2,52,61,42,81,0,3,1,63,71.42,Placed
AIML,Tier 3,89,6.51,3,67,61,61,68,2,3,1,64,18.41,Not Placed
MECH,Tier 1,97,8.48,0,48,73,88,54,3,5,4,86,82.36,Placed
MECH,Tier 3,90,8.84,3,59,94,61,68,2,3,0,94,67.53,Placed
IT,Tier 3,95,9.32,1,95,68,89,43,0,4,1,96,87.71,Placed
IT,Tier 1,78,7.4,3,58,77,96,57,2,4,8,82,43.35,Not Placed
AIML,Tier 3,95,6.86,4,87,98,89,89,3,5,6,58,53.1,Not Placed
ECE,Tier 1,89,6.96,3,78,85,94,96,0,2,5,68,40.11,Not Placed
CSE,Tier 3,92,8.71,5,90,72,99,88,1,1,8,92,62.42,Placed
MECH,Tier 1,77,9.18,0,51,57,88,83,3,2,6,49,87.71,Placed
ECE,Tier 2,87,6.32,0,54,46,51,78,3,2,4,95,26.71,Not Placed
EEE,Tier 3,70,7.17,3,70,40,94,55,0,2,8,51,22.04,Not Placed
MECH,Tier 3,92,9.56,0,94,72,60,50,0,2,5,72,88.71,Placed
MECH,Tier 3,76,9.13,5,53,40,95,53,1,6,5,95,47.89,Not Placed
IT,Tier 3,65,9.93,0,50,63,43,42,3,1,3,46,84.04,Placed
CSE,Tier 2,63,8.89,3,65,43,70,90,0,6,0,56,61.04,Placed
CSE,Tier 3,79,7.27,2,81,43,83,89,1,3,4,100,44.27,Not Placed
EEE,Tier 2,86,8.16,2,66,100,70,81,1,7,8,100,74.61,Placed
EEE,Tier 2,74,8.47,1,50,57,97,77,0,2,7,97,64.26,Placed
MECH,Tier 2,65,5.85,0,77,66,62,84,3,7,7,99,45.92,Not Placed
AIML,Tier 2,73,7.95,3,73,82,93,81,2,4,4,49,66.05,Placed
IT,Tier 1,70,8.69,0,82,98,92,57,2,5,8,70,92.44,Placed
IT,Tier 1,98,6.25,4,58,71,59,97,1,5,2,99,13.62,Not Placed
MECH,Tier 3,68,9.01,5,45,72,54,59,2,6,2,45,44.68,Not Placed
ECE,Tier 1,85,8.13,0,85,67,62,97,2,6,0,56,85.08,Placed
AIML,Tier 1,75,9.78,0,91,81,67,87,0,4,8,89,94.63,Placed
MECH,Tier 3,64,5.69,2,77,80,55,64,1,2,5,76,14.27,Not Placed
AIML,Tier 3,69,6.69,5,88,94,76,96,3,7,1,57,42.02,Not Placed
AIML,Tier 3,62,8.21,3,81,75,60,77,1,7,7,65,63.78,Placed
AIML,Tier 1,72,6.83,0,67,99,54,52,0,1,8,88,38.52,Not Placed
MECH,Tier 1,89,8.71,2,40,45,56,43,2,3,8,93,43.96,Not Placed
IT,Tier 3,65,8.92,1,74,55,89,94,3,5,1,55,89.36,Placed
IT,Tier 2,76,5.96,5,79,73,76,53,1,3,1,47,8.57,Not Placed
AIML,Tier 3,78,7.81,2,47,62,52,72,2,1,6,63,34.56,Not Placed
ECE,Tier 2,94,7.79,2,98,89,58,67,1,6,3,52,69.33,Placed
CSE,Tier 2,85,7.16,2,91,81,69,91,3,7,0,68,69.6,Placed
MECH,Tier 3,64,9.7,0,93,63,84,76,1,5,7,71,95.18,Placed
CSE,Tier 3,88,9.22,0,86,95,57,47,1,3,1,63,89.28,Placed
ECE,Tier 3,96,8.64,1,95,88,53,83,1,6,2,55,86.6,Placed
MECH,Tier 1,79,8.71,4,46,52,75,73,2,1,4,50,40.11,Not Placed
AIML,Tier 2,80,7.58,4,50,95,75,83,3,3,2,71,42.02,Not Placed
IT,Tier 1,69,9.64,4,78,57,59,44,3,7,6,45,76.76,Placed
CSE,Tier 1,64,8.63,5,100,93,91,93,2,2,6,98,74.3,Placed
EEE,Tier 3,95,8.78,5,43,52,58,44,2,6,1,74,31.79,Not Placed
EEE,Tier 1,65,9.38,1,64,88,84,70,2,1,6,72,88.03,Placed
ECE,Tier 3,85,6.73,5,51,76,83,84,0,3,5,57,12.17,Not Placed
AIML,Tier 2,63,9.13,4,65,82,46,48,1,7,9,76,59.94,Not Placed
CSE,Tier 3,98,6.38,4,77,78,96,81,1,2,8,52,22.18,Not Placed
AIML,Tier 1,98,7.05,2,85,100,83,71,3,2,8,49,61.44,Placed
CSE,Tier 1,94,7.01,5,51,81,92,72,1,1,1,76,15.87,Not Placed
ECE,Tier 3,60,9.9,0,82,56,43,42,0,4,6,65,86.2,Placed
ECE,Tier 3,83,9.35,0,90,54,98,69,2,7,4,85,95.16,Placed
EEE,Tier 1,95,8.66,2,92,57,73,89,3,7,5,56,86.15,Placed
AIML,Tier 2,65,8.77,2,76,62,41,51,3,5,0,40,69.68,Placed
MECH,Tier 2,100,8.03,2,85,93,44,68,1,1,6,64,56.6,Not Placed
EEE,Tier 3,90,9.76,0,92,90,94,42,3,2,5,73,96.37,Placed
AIML,Tier 2,79,7.73,4,63,69,49,65,2,2,3,78,26.3,Not Placed
EEE,Tier 1,83,7.21,2,55,97,71,96,3,1,0,49,50.91,Not Placed
MECH,Tier 3,84,6.23,1,96,73,81,100,2,4,8,59,54.44,Not Placed
IT,Tier 1,95,9.04,2,52,97,80,69,0,5,3,46,77.42,Placed
IT,Tier 1,80,8.8,3,64,43,52,48,0,3,1,95,38.52,Not Placed
IT,Tier 2,89,7.23,2,100,42,78,65,2,1,7,55,44.48,Not Placed
IT,Tier 3,83,5.61,0,93,46,44,41,1,5,1,76,19.31,Not Placed
CSE,Tier 3,89,9.28,5,93,95,97,42,3,7,4,68,85.13,Placed
IT,Tier 2,81,5.55,2,96,57,49,85,1,5,5,99,17.8,Not Placed
MECH,Tier 1,87,8.67,5,91,81,49,43,3,6,7,51,58.74,Not Placed
ECE,Tier 1,66,9.87,3,93,46,77,64,0,2,0,56,78.71,Placed
ECE,Tier 1,94,7.47,1,43,79,66,90,0,3,0,87,42.94,Not Placed
CSE,Tier 1,87,6.56,5,50,45,99,52,0,1,3,59,5.98,Not Placed
IT,Tier 3,73,8.67,4,71,61,90,78,3,2,4,65,63.97,Placed
IT,Tier 3,69,9.18,2,88,97,60,83,0,6,8,87,86.98,Placed
IT,Tier 2,75,7.96,3,46,40,47,74,0,6,6,58,24.95,Not Placed
EEE,Tier 2,75,9.85,3,85,43,40,94,0,2,6,97,71.24,Placed
AIML,Tier 3,90,5.73,5,97,85,67,62,0,4,7,86,9.71,Not Placed
EEE,Tier 3,84,7.77,1,50,88,88,48,1,5,4,51,61.14,Placed
AIML,Tier 1,72,8.73,0,67,91,78,41,0,1,4,60,77.28,Placed
IT,Tier 1,65,9.38,2,93,89,53,100,0,1,0,81,84.38,Placed
IT,Tier 2,68,6.31,3,80,82,60,93,1,1,8,100,21.19,Not Placed
EEE,Tier 3,95,9.1,1,62,68,69,80,1,2,5,97,78.43,Placed
EEE,Tier 2,79,7.99,4,84,60,60,83,3,7,8,100,57.32,Not Placed
AIML,Tier 3,77,7.28,3,62,65,88,70,2,4,2,93,39.11,Not Placed
ECE,Tier 1,80,6.09,1,89,53,48,83,0,3,4,73,21.82,Not Placed
AIML,Tier 2,63,9.39,0,67,48,56,86,0,6,1,46,85.23,Placed
EEE,Tier 2,92,6.21,0,82,98,44,41,0,2,9,84,29.31,Not Placed
MECH,Tier 3,86,6.89,3,86,86,97,71,3,7,4,74,60.64,Placed
EEE,Tier 1,66,6.81,3,96,51,96,57,0,3,7,54,29.57,Not Placed
MECH,Tier 2,65,9.42,5,65,81,70,52,2,6,1,40,67.16,Placed
CSE,Tier 1,74,8.53,2,64,90,91,85,1,6,7,65,80.86,Placed
EEE,Tier 2,77,9.09,1,93,95,100,44,3,4,3,74,93.84,Placed
CSE,Tier 1,91,6.63,3,68,90,79,97,1,5,9,64,36.76,Not Placed
ECE,Tier 3,70,8.31,2,58,45,77,81,0,1,9,81,45.09,Not Placed
AIML,Tier 2,79,8.07,5,72,59,82,83,0,3,0,98,32.24,Not Placed
MECH,Tier 2,83,9.25,2,75,63,58,49,0,2,4,98,66.24,Placed
AIML,Tier 1,74,9.58,3,53,66,75,95,2,3,0,54,78.57,Placed
CSE,Tier 1,66,5.55,0,53,77,89,82,2,5,6,61,33.44,Not Placed
MECH,Tier 2,80,8.53,1,74,47,72,64,3,1,7,98,71.24,Placed
AIML,Tier 3,85,5.73,1,69,40,52,73,1,3,2,45,12.58,Not Placed
EEE,Tier 1,73,7.97,0,67,93,53,76,0,5,2,91,71.67,Placed
IT,Tier 1,96,6.79,3,56,88,95,69,0,2,6,54,25.27,Not Placed
CSE,Tier 1,80,6.88,1,42,88,72,46,0,4,3,63,29.14,Not Placed
AIML,Tier 2,77,7.09,3,55,63,68,45,0,7,2,60,21.68,Not Placed
CSE,Tier 2,64,8.3,5,85,86,82,93,2,6,7,46,66.15,Placed
CSE,Tier 2,62,7.0,3,69,46,88,94,1,2,2,96,28.29,Not Placed
MECH,Tier 2,82,8.8,2,91,58,75,42,1,1,6,100,67.71,Placed
MECH,Tier 3,85,7.32,0,68,61,97,52,3,6,1,68,71.84,Placed
IT,Tier 3,96,5.81,3,84,96,83,42,2,7,0,71,27.7,Not Placed
EEE,Tier 2,83,9.03,5,54,94,49,65,0,2,5,71,38.91,Not Placed
CSE,Tier 3,78,6.79,4,85,99,70,96,1,2,7,92,32.79,Not Placed
AIML,Tier 1,84,7.45,0,95,74,45,63,1,2,0,98,60.64,Placed
ECE,Tier 1,80,8.58,1,64,69,96,92,2,2,9,44,81.87,Placed
CSE,Tier 1,71,7.0,2,90,68,40,45,3,6,8,43,42.23,Not Placed
CSE,Tier 2,100,5.75,1,77,61,46,82,3,1,2,61,20.43,Not Placed
IT,Tier 1,92,7.18,5,81,50,97,99,0,7,2,57,31.16,Not Placed
EEE,Tier 3,63,9.75,5,98,59,66,97,3,5,3,74,84.21,Placed
ECE,Tier 2,66,8.39,1,86,68,60,88,1,3,0,56,75.7,Placed
MECH,Tier 3,81,8.52,0,92,90,67,81,3,4,8,89,91.67,Placed
MECH,Tier 1,92,8.35,1,93,80,55,51,0,7,2,89,76.24,Placed
AIML,Tier 1,76,6.4,3,91,81,95,88,1,3,9,95,37.63,Not Placed
ECE,Tier 1,83,7.38,1,97,73,85,75,3,3,3,63,74.61,Placed
MECH,Tier 2,93,8.88,2,77,40,62,41,3,4,0,41,68.17,Placed
AIML,Tier 3,87,5.96,2,62,70,91,50,2,7,3,52,26.39,Not Placed
EEE,Tier 2,100,6.75,4,64,69,59,78,0,6,0,93,16.84,Not Placed
AIML,Tier 2,98,6.74,2,81,87,77,73,3,1,4,54,45.92,Not Placed
MECH,Tier 1,81,7.44,1,46,57,93,65,2,4,4,44,50.29,Not Placed
IT,Tier 2,76,9.91,2,61,94,64,57,1,1,6,42,83.25,Placed
IT,Tier 2,93,5.8,0,56,97,67,60,2,6,7,76,36.47,Not Placed
IT,Tier 1,65,7.83,2,57,56,44,75,2,3,3,76,39.21,Not Placed
MECH,Tier 2,65,6.31,3,88,77,95,79,3,1,6,76,35.7,Not Placed
IT,Tier 1,93,9.87,0,80,53,60,91,3,6,3,42,95.36,Placed
ECE,Tier 1,60,6.01,4,49,62,57,85,3,6,2,74,11.74,Not Placed
EEE,Tier 1,69,7.32,3,49,64,86,83,2,5,5,91,38.42,Not Placed
AIML,Tier 1,80,8.82,1,96,54,45,61,1,4,3,62,76.08,Placed
AIML,Tier 2,64,8.67,1,46,85,96,92,0,5,2,99,80.2,Placed
MECH,Tier 1,61,7.4,1,87,95,68,98,2,3,8,67,73.41,Placed
IT,Tier 1,81,7.06,3,100,61,58,69,3,4,4,99,43.55,Not Placed
IT,Tier 2,61,7.29,3,89,42,72,89,0,3,6,69,32.52,Not Placed
CSE,Tier 2,69,6.69,3,77,95,40,82,1,5,5,57,29.06,Not Placed
EEE,Tier 3,93,6.42,0,66,94,84,100,0,7,9,97,59.54,Not Placed
ECE,Tier 2,75,7.67,5,91,58,42,99,3,6,4,91,40.41,Not Placed
AIML,Tier 2,98,6.71,0,72,96,81,69,2,3,6,75,61.24,Placed
CSE,Tier 3,81,6.79,1,40,83,60,47,2,4,5,72,29.57,Not Placed
CSE,Tier 2,71,8.46,5,83,73,74,73,3,4,9,65,58.43,Not Placed
MECH,Tier 2,83,9.86,2,92,74,80,96,2,3,1,87,93.62,Placed
AIML,Tier 2,99,8.22,1,99,89,79,86,3,4,2,79,89.2,Placed
MECH,Tier 2,97,5.85,4,73,100,42,48,2,6,1,56,12.58,Not Placed
ECE,Tier 3,69,5.84,0,43,40,64,90,2,7,2,79,23.95,Not Placed
CSE,Tier 2,94,9.78,3,56,91,84,59,2,6,0,46,86.88,Placed
CSE,Tier 2,91,6.84,0,43,60,77,79,1,4,7,96,39.71,Not Placed
EEE,Tier 3,66,5.91,3,82,68,84,64,1,3,5,47,17.31,Not Placed
ECE,Tier 1,80,8.2,5,93,45,94,58,3,5,1,92,53.72,Not Placed
CSE,Tier 3,79,8.31,4,65,76,59,44,1,4,7,95,38.32,Not Placed
ECE,Tier 1,85,8.42,5,43,40,91,50,3,4,5,70,32.06,Not Placed
AIML,Tier 3,63,6.7,4,40,90,83,54,0,4,6,98,13.67,Not Placed
IT,Tier 3,81,5.57,0,46,40,84,47,0,4,0,97,11.69,Not Placed
CSE,Tier 2,74,9.84,3,69,66,73,58,1,3,6,51,78.28,Placed
EEE,Tier 1,99,6.63,5,89,60,60,62,0,5,2,87,12.67,Not Placed
AIML,Tier 2,80,8.54,4,48,92,95,66,0,5,7,70,54.55,Not Placed
ECE,Tier 1,74,8.68,1,100,55,94,79,2,1,5,83,85.8,Placed
MECH,Tier 3,81,8.25,1,74,83,87,71,2,4,3,58,81.05,Placed
AIML,Tier 3,87,6.91,5,47,98,62,65,3,4,7,49,18.92,Not Placed
CSE,Tier 1,73,6.72,3,100,100,45,66,0,1,8,78,27.04,Not Placed
ECE,Tier 2,86,8.19,5,63,93,90,58,3,5,9,51,54.75,Not Placed
IT,Tier 2,100,9.4,0,58,79,92,89,3,2,1,59,93.34,Placed
AIML,Tier 2,99,9.76,4,75,65,52,81,0,6,5,76,72.76,Placed
CSE,Tier 2,87,5.98,0,89,55,88,68,1,2,4,87,36.56,Not Placed
EEE,Tier 3,85,6.2,1,91,67,62,78,0,5,4,80,33.71,Not Placed
MECH,Tier 3,61,9.75,4,98,40,48,99,2,7,9,46,82.66,Placed
ECE,Tier 3,84,8.81,5,82,75,56,80,0,4,2,91,49.35,Not Placed
AIML,Tier 3,62,9.47,0,66,49,100,72,1,2,7,93,88.92,Placed
AIML,Tier 3,67,6.41,2,71,82,41,58,3,3,7,97,25.43,Not Placed
IT,Tier 2,92,8.14,3,53,56,58,76,3,3,4,53,44.27,Not Placed
IT,Tier 2,94,8.66,3,96,96,58,58,2,1,7,50,71.84,Placed
EEE,Tier 2,65,8.56,2,57,98,95,72,2,5,9,46,81.37,Placed
MECH,Tier 2,98,7.34,1,67,62,46,86,2,5,7,68,50.29,Not Placed
EEE,Tier 3,82,5.57,4,99,46,93,55,3,2,2,49,13.19,Not Placed
CSE,Tier 3,84,8.12,3,68,83,81,62,2,4,1,68,60.54,Placed
CSE,Tier 3,78,6.64,2,55,92,81,46,0,5,8,48,27.7,Not Placed
EEE,Tier 1,64,7.53,5,74,46,98,65,3,2,1,75,29.81,Not Placed